Brand,Name,ScreenSize,CPU,RAM,HardDisk,DefaultPrice,SalePrice,Link,Website
Acer,Acer Nitro Gaming AN515-45-R6EV/R5-5600H,15.6,AMD Ryzen 5,8GB,SSD: 512GB,23999000,21599000,https://fptshop.com.vn/may-tinh-xach-tay/acer-nitro-gaming-an515-45-r6ev-r5-5600h,FPTshop
Asus,Asus TUF Gaming FX506LH-HN188W/i5-10300H,15.6,Intel Core i5,8GB,SSD: 512GB,21999000,19799000,https://fptshop.com.vn/may-tinh-xach-tay/asus-tuf-gaming-fx506lh-hn188w-i5-10300h,FPTshop
HP,"Laptop HP Gaming VICTUS 16-e0175AX R5 5600H/8GB/512GB/RTX 3050Ti 4GB/16.1"" FHD/Win 11",16.1,AMD Ryzen 5,8GB,SSD: 512GB,26499000,23589000,https://fptshop.com.vn/may-tinh-xach-tay/hp-gaming-victus-16-e0175ax-r5-5600h-rtx-3050ti,FPTshop
Acer,Acer Aspire Gaming A715-42G-R05G/R5-5500U,15.6,AMD Ryzen 5,8GB,SSD: 512GB,21999000,19799000,https://fptshop.com.vn/may-tinh-xach-tay/acer-aspire-gaming-a715-42g-r05g-r5-5500u,FPTshop
HP,MTXT HP Gaming VICTUS 16-e0179AX R5 5600H/4R0V0PA,16.1,AMD Ryzen 5,8GB,SSD: 512GB,26499000,23589000,https://fptshop.com.vn/may-tinh-xach-tay/hp-victus-16-e0179ax-r5-5600h,FPTshop
Asus,Asus Gaming Zephyrus GA401QH-K2091W/R7-5800HS,14,AMD Ryzen 7,8GB,SSD: 512GB,29999000,26999000,https://fptshop.com.vn/may-tinh-xach-tay/asus-gaming-zephyrus-ga401qh-k2091w-r7-5800hs,FPTshop
Acer,Acer Nitro Gaming AN515-57-5669/i5-11400H,15.6,Intel Core i5,8GB,SSD: 512GB,23999000,21599000,https://fptshop.com.vn/may-tinh-xach-tay/acer-nitro-gaming-an515-57-5669-i5-11400h,FPTshop
MSI,MSI Gaming GF63 Thin 10SC-481VN i7 10750H,15.6,Intel Core i5,8GB,SSD: 512GB,22999000,20700000,https://fptshop.com.vn/may-tinh-xach-tay/msi-gaming-gf63-thin-10sc-481vn-i7-10750h,FPTshop
Asus,Asus TUF Gaming FX506LH-HN002T/i5-10300H,15.6,Intel Core i5,8GB,SSD: 512GB,20999000,18899000,https://fptshop.com.vn/may-tinh-xach-tay/asus-tuf-gaming-fx506lh-hn002t-i5-10300h,FPTshop
Asus,Asus Gaming TUF FX506HCB-HN144W/i5-11400H,15.6,Intel Core i5,8GB,SSD: 512GB,25499000,22949000,https://fptshop.com.vn/may-tinh-xach-tay/asus-gaming-tuf-fx506hcb-hn144w-i5-11400h,FPTshop
Acer,Acer Nitro Gaming AN515-57-54MV/i5-11400H,15.6,Intel Core i5,8GB,SSD: 512GB,26499000,23849000,https://fptshop.com.vn/may-tinh-xach-tay/acer-nitro-gaming-an515-57-54mv-i5-11400h,FPTshop
Lenovo,Lenovo Ideapad Slim 3 14ITL6  i3 1115G4,14,Intel Core i3,8GB,SSD: 512GB,14899000,12400000,https://fptshop.com.vn/may-tinh-xach-tay/lenovo-ideapad-3-14itl6-i3-1115g4,FPTshop
HP,HP Envy 13-ba1536TU Core i5-1135g7/4U6M5PA,13.3,Intel Core i5,8GB,SSD: 512GB,23999000,22999000,https://fptshop.com.vn/may-tinh-xach-tay/hp-envy-13-ba1536tu-i5-1135g7-win-11,FPTshop
Lenovo,Lenovo Ideapad Slim 5 15ITL05 i5 1135G7,15.6,Intel Core i5,8GB,SSD: 512GB,19799000,16800000,https://fptshop.com.vn/may-tinh-xach-tay/lenovo-ideapad-slim-5-15itl05-i5-1135g7,FPTshop
Asus,Asus Zenbook UX325EA-KG656W/i5-1135G7,13.3,Intel Core i5,8GB,SSD: 512GB,23499000,22499000,https://fptshop.com.vn/may-tinh-xach-tay/asus-zenbook-ux325ea-kg656w-i5-1135g7,FPTshop
Lenovo,MTXT Lenovo Yoga 7 14ACN6 R5 5600U/82N7002MVN,14,AMD Ryzen 5,8GB,SSD: 512GB,24999000,22500000,https://fptshop.com.vn/may-tinh-xach-tay/lenovo-yoga-7-14acn6-r5-5600u,FPTshop
Dell,Dell Gaming Alienware M15 R6 i7 11800H/P109F001,15.6,Intel Core i7,32GB,SSD: 1TB,66499000,63179000,https://fptshop.com.vn/may-tinh-xach-tay/dell-gaming-alienware-m15-r6-i7-11800h,FPTshop
HP,HP 240 G8 i3 1005G1/519A6PA,14,Intel Core i3,8GB,SSD: 512GB,14199000,12999000,https://fptshop.com.vn/may-tinh-xach-tay/hp-240-g8-i3-1005g1-win-10,FPTshop
Lenovo,Lenovo 100e Gen 2 N4020/81M8006AVN,11.6,Intel Celeron,4GB,eMMC: 64GB,7799000,7000000,https://fptshop.com.vn/may-tinh-xach-tay/lenovo-100e-gen-2-n4020-win-10-pro,FPTshop
Microsoft,Microsoft Surface Pro 7/Core i5-1035G4,12.3,Intel Core i5,8GB,SSD: 128GB,24999000,24499000,https://fptshop.com.vn/may-tinh-xach-tay/microsoft-surface-pro-7-i5-1035g4,FPTshop
Dell,Dell Inspiron N3505 R5 3450U,15.6,AMD Ryzen 5,8GB,SSD: 256GB,17999000,16699000,https://fptshop.com.vn/may-tinh-xach-tay/dell-inspiron-n3505-r5-3450u-win-10-nk,FPTshop
Lenovo,Lenovo Legion 5 15ACH6 R5 5600H/82JW00AHVN,15.6,AMD Ryzen 5,8GB,SSD: 512GB,30499000,26400000,https://fptshop.com.vn/may-tinh-xach-tay/lenovo-legion-5-15ach6-r5-5600h-win-11-rtx-3050ti,FPTshop
Dell,Dell Inspiron N3510 Celeron N4020,15.6,Intel Celeron,4GB,SSD: 128GB,10699000,10059000,https://fptshop.com.vn/may-tinh-xach-tay/dell-inspiron-n3510-celeron-n4020-win-10-nk,FPTshop
Asus,Asus Vivobook A515EA-L11970W/i5-1135G7,15.6,Intel Core i5,8GB,SSD: 512GB,18999000,17999000,https://fptshop.com.vn/may-tinh-xach-tay/asus-vivobook-a515ea-l11970w-i5-1135g7,FPTshop
MSI,MSI Modern 15 A5M 234VN R5 5500U/234VN,15.6,AMD Ryzen 5,8GB,SSD: 512GB,17999000,16200000,https://fptshop.com.vn/may-tinh-xach-tay/msi-modern-15-a5m-234vn-r5-5500u,FPTshop
Masstel,"Laptop Masstel E140 Celeron - N4120/4GB/128GB/14""HD/Win 10",14,Intel Celeron,4GB,SSD: 128GB,7999000,7999000,https://fptshop.com.vn/may-tinh-xach-tay/masstel-e140-celeron-n4120,FPTshop
Chuwi,CHUWI GemiBook Pro N5100,14,Intel Celeron,8GB,SSD: 256GB,9599000,8549000,https://fptshop.com.vn/may-tinh-xach-tay/chuwi-gemibook-pro-n5100,FPTshop
HP,HP 15s du1106TU i3 10110U/2Z6L5PA,15.6,Intel Core i3,4GB,SSD: 512GB,12899000,12399000,https://fptshop.com.vn/may-tinh-xach-tay/hp-15s-du1106tu-i3-10110u,FPTshop
Asus,Asus Zenbook UX425EA-KI839W/i5-1135G7,14,Intel Core i5,8GB,SSD: 512GB,22999000,21999000,https://fptshop.com.vn/may-tinh-xach-tay/asus-zenbook-ux425ea-ki839w-i5-1135g7,FPTshop
MSI,MSI GF63 Thin 11UC 444VN i5 11400H,15.6,Intel Core i5,8GB,SSD: 512GB,25499000,22900000,https://fptshop.com.vn/may-tinh-xach-tay/msi-gf63-thin-11uc-444vn-i5-11400h,FPTshop
Lenovo,Lenovo ThinkBook 15 G2 ITL i5 1135G7/20VE00UTVN,15.6,Intel Core i5,8GB,SSD: 512GB,23199000,20900000,https://fptshop.com.vn/may-tinh-xach-tay/lenovo-thinkbook-15-g2-itl-i5-1135g7-win-11,FPTshop
Microsoft,Microsoft Surface Laptop Go/Core i5-1035G1,12.4,Intel Core i5,8GB,SSD: 128GB,18999000,17099000,https://fptshop.com.vn/may-tinh-xach-tay/microsoft-surface-go-i5-1035g1-128gb,FPTshop
Apple,"MacBook Pro 16"" 2021 M1 Pro Ram 32GB",16.2,Apple M1,32GB,SSD: 512GB,76990000,73990000,https://fptshop.com.vn/may-tinh-xach-tay/macbook-pro-16-2021-m1-pro-ram-32gb,FPTshop
Apple,"MacBook Pro 16"" 2021 M1 Pro 512GB",16.2,Apple M1,16GB,SSD: 512GB,65990000,63490000,https://fptshop.com.vn/may-tinh-xach-tay/macbook-pro-16-2021-m1-pro-512gb,FPTshop
Apple,"MacBook Pro 14"" 2021 M1 Pro Ram 32GB",14.2,Apple M1,32GB,SSD: 512GB,63990000,61490000,https://fptshop.com.vn/may-tinh-xach-tay/macbook-pro-14-2021-m1-pro-ram-32gb,FPTshop
Apple,"MacBook Pro 14"" 2021 M1 Pro 512GB",14.2,Apple M1,16GB,SSD: 512GB,52990000,51490000,https://fptshop.com.vn/may-tinh-xach-tay/macbook-pro-14-2021-m1-pro-512gb,FPTshop
Apple,"MacBook Pro 13"" 2020 Touch Bar M1 16GB/512GB",13.3,Apple M1,16GB,SSD: 512GB,44999000,41999000,https://fptshop.com.vn/may-tinh-xach-tay/macbook-pro-13-2020-touch-bar-m1-16gb-512gb,FPTshop
Dell,Dell XPS 13 9310 i5 1135G7,13.4,Intel Core i5,8GB,SSD: 512GB,41999000,40499000,https://fptshop.com.vn/may-tinh-xach-tay/dell-xps-13-9310-i5-1135g7-512gb,FPTshop
Microsoft,Microsoft Surface Pro 8/Core i5-1135G7,13.4,Intel Core i5,8GB,SSD: 512GB,42999000,38999000,https://fptshop.com.vn/may-tinh-xach-tay/microsoft-surface-pro-8-i5-1135g7,FPTshop
HP,HP Gaming OMEN 16 b0142TX i5 11400H,13,Intel Core i5,8GB,SSD: 256GB,39999000,37999000,https://fptshop.com.vn/may-tinh-xach-tay/hp-gaming-omen-16-b0142tx-i5-11400h,FPTshop
Microsoft,Microsoft Surface Pro 7 Core i7-1065G7,12.3,Intel Core i7,16GB,SSD: 256GB,37999000,37499000,https://fptshop.com.vn/may-tinh-xach-tay/microsoft-surface-pro-7-i7-1065g7,FPTshop
MSI,MSI Summit E13 Flip Evo A11MT i7 1185G7,13.4,Intel Core i7,16GB,SSD: 1TB,39999000,36000000,https://fptshop.com.vn/may-tinh-xach-tay/msi-summit-e13-flip-evo-a11mt-i7-1185g7,FPTshop
Dell,Dell Gaming G15 5511 i7 11800H/P105F006BGR,15.6,Intel Core i7,16GB,SSD: 512GB,35999000,34199000,https://fptshop.com.vn/may-tinh-xach-tay/dell-gaming-g15-5511-i7-11800h-rtx-3050ti,FPTshop
MSI,MSI Gaming Alpha 15 B5EEK 036VN R7 5800H/036VN,15.6,AMD Ryzen 7,16GB,SSD: 512GB,36999000,33300000,https://fptshop.com.vn/may-tinh-xach-tay/msi-gaming-alpha-15-b5eek-036vn-r7-5800h,FPTshop
HP,HP ZBook Firefly 14 G8 i5 1135G7/1A2F1AV,14,Intel Core i5,8GB,SSD: 512GB,33999000,32799000,https://fptshop.com.vn/may-tinh-xach-tay/hp-zbook-firefly-14-g8-i5-1135g7-ram-8gb,FPTshop
Lenovo,Lenovo Slim Yoga 7 Carbon 14ACN6 R7 5800U/82L0005AVN,14,AMD Ryzen 7,16GB,SSD: 1TB,35999000,32400000,https://fptshop.com.vn/may-tinh-xach-tay/lenovo-slim-yoga-7-carbon-14acn6-r7-5800u,FPTshop
Dell,Dell Gaming G15 5511 i7 11800H/P105F006,15.6,Intel Core i7,8GB,SSD: 512GB,33999000,32299000,https://fptshop.com.vn/may-tinh-xach-tay/dell-gaming-g15-5511-i7-11800h,FPTshop
Asus,Asus Zenbook Duo UX482EA-KA274T/i5-1135G7,14,Intel Core i5,8GB,SSD: 512GB,32999000,31799000,https://fptshop.com.vn/may-tinh-xach-tay/asus-zenbook-duo-ux482ea-ka274t-i5-1135g7,FPTshop
Dell,"Laptop Dell Gaming G15 5515/R7 5800H/16GB/512GB/RTX 3050Ti 4GB/15.6""FHD/Win 11+Office HS 21",15.6,AMD Ryzen 7,16GB,SSD: 512GB,32999000,31349000,https://fptshop.com.vn/may-tinh-xach-tay/dell-gaming-g15-5515-r7-5800h-rtx-3050ti-win-11,FPTshop
Apple,"MacBook Pro 13"" 2020 Touch Bar M1 256GB",13.3,Apple M1,8GB,SSD: 256GB,34999000,30999000,https://fptshop.com.vn/may-tinh-xach-tay/macbook-pro-13-2020-touch-bar-m1-256gb,FPTshop
Asus,Laptop Asus Vivobook Pro M7600QC-L2077W R5 5600H/16GB/512GB/16 inch 4K/RTX 3050 4GB/Win11,16,AMD Ryzen 5,16GB,SSD: 512GB,32999000,30199000,https://fptshop.com.vn/may-tinh-xach-tay/asus-vivobook-pro-m7600qc-l2077w-r5-5600h,FPTshop
HP,HP ENVY x360 13-bd0528TU i7 1165G7/4Y0Y3PA,13.3,Intel Core i7,8GB,SSD: 512GB,30999000,29999000,https://fptshop.com.vn/may-tinh-xach-tay/hp-envy-x360-13-bd0528tu-i7-1165g7-win-11,FPTshop
Asus,Asus Zenbook UX425EA-KI843W/i7-1165G7,14,Intel Core i7,16GB,SSD: 512GB,30699000,29499000,https://fptshop.com.vn/may-tinh-xach-tay/asus-zenbook-ux425ea-k843w-i7-1165g7,FPTshop
HP,"Laptop HP Gaming Victus 16-d0199TX i7-11800H/8GB/512GB+32GB/RTX 3050Ti 4GB/16.1""FHD/Win11",16.1,Intel Core i7,8GB,SSD: 512GB,32499000,28929000,https://fptshop.com.vn/may-tinh-xach-tay/hp-victus-16-d0199tx-i7-11800h-rtx-3050ti,FPTshop
HP,"Laptop HP Gaming Victus 16-d0199TX i7-11800H/8GB/512GB+32GB/RTX 3050Ti 4GB/16.1""FHD/Win11",16.1,Intel Core i8,8GB,SSD: 512GB,32499000,28929000,https://fptshop.com.vn/may-tinh-xach-tay/hp-victus-16-d0199tx-i7-11800h-rtx-3050ti,FPTshop
Asus,Asus Gaming ROG G513RC-HN038W/R7-6800H,15.6,AMD Ryzen 7,8GB,SSD: 512GB,30999000,28829000,https://fptshop.com.vn/may-tinh-xach-tay/asus-gaming-rog-g513rc-hn038w-r7-6800h,FPTshop
Asus,Asus Zenbook UX325EA-KG658W/i7-1165G7,13.3,Intel Core i7,16GB,SSD: 512GB,29999000,28799000,https://fptshop.com.vn/may-tinh-xach-tay/asus-zenbook-ux325ea-kg658w-i7-1165g7,FPTshop
Acer,"Laptop Acer Nitro Gaming AN515-58-773Y/i7-12700H/8GB/512GB/15.6""FHD/RTX 3050Ti 4GB/Win 11",15.6,Intel Core i7,8GB,SSD: 512GB,31999000,28799000,https://fptshop.com.vn/may-tinh-xach-tay/acer-nitro-gaming-an515-58-773y-i7-12700h,FPTshop
Dell,"Laptop Dell Gaming G15 5515/R7 5800H/8GB/512GB/RTX3050 4GB/15.6""FHD/Win 11+Office HS 21",15.6,AMD Ryzen 7,8GB,SSD: 512GB,29999000,28499000,https://fptshop.com.vn/may-tinh-xach-tay/dell-gaming-g15-5515-r7-5800h-win-11,FPTshop
HP,HP Envy 13-ba1535TU i7-1165G7/U6M4PA,13.3,Intel Core i7,8GB,SSD: 512GB,29399000,28399000,https://fptshop.com.vn/may-tinh-xach-tay/hp-envy-13-ba1535tu-i7-1165g7-win-11,FPTshop
Lenovo,Lenovo Gaming Legion 5 15ACH6 R7 5800H/82JW00AJVN,15.6,AMD Ryzen 7,8GB,SSD: 512GB,32499000,28200000,https://fptshop.com.vn/may-tinh-xach-tay/lenovo-gaming-legion-5-15ach6-r7-5800,FPTshop
MSI,MSI Gaming Katana GF66 11UD 697VN i7 11800H,15.6,Intel Core i7,8GB,SSD: 512GB,30999000,27900000,https://fptshop.com.vn/may-tinh-xach-tay/msi-gaming-gf66-11ud-697vn-i7-11800h,FPTshop
Acer,Acer Nitro Gaming AN515-57-720A/i7-11800H,15.6,Intel Core i7,8GB,SSD: 512GB,30499000,27449000,https://fptshop.com.vn/may-tinh-xach-tay/acer-nitro-gaming-an515-57-720a-i7-11800h,FPTshop
Asus,Asus Gaming TUF FA707RC-HX130W/R7-6800H,17.3,AMD Ryzen 7,8GB,SSD: 512GB,29499000,27439000,https://fptshop.com.vn/may-tinh-xach-tay/asus-gaming-tuf-fa707rc-hx130w-r7-6800h,FPTshop
MSI,MSI Gaming Katana GF76 11UC 096VN i7 11800H,17.3,Intel Core i7,8GB,SSD: 512GB,30299000,27300000,https://fptshop.com.vn/may-tinh-xach-tay/msi-katana-gf76-11uc-096vn-i7-11800h,FPTshop
MSI,MSI Gaming Katana GF66 11UC 641VN i7 11800H,15.6,Intel Core i7,8GB,SSD: 512GB,29999000,27000000,https://fptshop.com.vn/may-tinh-xach-tay/msi-gaming-gf66-11uc-641vn-i7-11800h-rtx3050,FPTshop
HP,HP VICTUS 16-e0168AX R7 5800H/4R0U6PA,16.1,AMD Ryzen 7,8GB,SSD: 512GB,29999000,26699000,https://fptshop.com.vn/may-tinh-xach-tay/hp-victus-16-e0168ax-r7-5800h,FPTshop
Asus,Asus Vivobook Pro M3500QC-L1388W/R5-5600H,15.6,AMD Ryzen 5,16GB,SSD: 512GB,27599000,26599000,https://fptshop.com.vn/may-tinh-xach-tay/asus-vivobook-pro-m3500qc-l1388w-r5-5600h,FPTshop
MSI,MSI Gaming GF65 10UE 286VN i5 10500H,15.6,Intel Core i5,16GB,SSD: 512GB,29499000,26500000,https://fptshop.com.vn/may-tinh-xach-tay/msi-gaming-gf65-10ue-286vn-i5-10500h,FPTshop
Acer,Acer Swift X SFX16-51G-516Q/i5-11320H,16.1,Intel Core i5,16GB,SSD: 512GB,28999000,26299000,https://fptshop.com.vn/may-tinh-xach-tay/acer-swift-x-sfx16-51g-516q-i5-11320h,FPTshop
Dell,Dell Gaming G15 5511 i5 11400H/70266676,15.6,Intel Core i5,8GB,SSD: 256GB,27499000,26129000,https://fptshop.com.vn/may-tinh-xach-tay/dell-gaming-g15-5511-i5-11400h,FPTshop
Gigabyte,Gigabyte U4 UD i7 1195G7/70S1823SO,14,Intel Core i7,16GB,SSD: 512GB,26999000,25999000,https://fptshop.com.vn/may-tinh-xach-tay/gigabyte-u4-ud-i7-1195g7,FPTshop
Acer,Acer Nitro Gaming AN515-57-71VV/i7-11800H,15.6,Intel Core i7,8GB,SSD: 512GB,28999000,25809000,https://fptshop.com.vn/may-tinh-xach-tay/acer-nitro-gaming-an515-57-71vv-i7-11800h,FPTshop
HP,HP Gaming VICTUS 16-d0201TX i5-11400H/4R0U3PA,16.1,Intel Core i5,8GB,SSD: 512GB,28999000,25809000,https://fptshop.com.vn/may-tinh-xach-tay/hp-gaming-victus-16-d0201tx-i5-11400h,FPTshop
MSI,MSI GF63 Thin 11UC 442VN i7 11800H,15.6,Intel Core i7,8GB,SSD: 512GB,28499000,25600000,https://fptshop.com.vn/may-tinh-xach-tay/msi-gf63-thin-11uc-442vn-i7-11800h,FPTshop
HP,HP Envy X360 13-bd0530TU i5 1135G7/4Y0Y4PA,13.3,Intel Core i5,8GB,SSD: 512GB,26299000,25299000,https://fptshop.com.vn/may-tinh-xach-tay/hp-envy-x360-13-bd0530tu-i5-1135g7,FPTshop
Asus,Laptop Asus TUF Gaming FX517ZC-HN077W/i5-12450H/8GB/512GB SSD/15.6FHD/RTX3050 4GB/Win 11,15.6,Intel Core i5,8GB,SSD: 512GB,27999000,25199000,https://fptshop.com.vn/may-tinh-xach-tay/asus-tuf-gaming-fx517zc-hn077w-i5-12450h,FPTshop
Asus,Asus Zenbook Flip UX363EA-HP726W/i5-1135G7,13.3,Intel Core i5,8GB,SSD: 512GB,25999000,24999000,https://fptshop.com.vn/may-tinh-xach-tay/asus-zenbook-flip-ux363ea-hp726w-i5-1135g7,FPTshop
Asus,Asus Zenbook UM5401QA-KN209W/R5-5600H,14,AMD Ryzen 5,8GB,SSD: 512GB,25999000,24999000,https://fptshop.com.vn/may-tinh-xach-tay/asus-zenbook-um5401qa-kn209w-r5-5600h,FPTshop
Dell,Dell Latitude L5420CTO i5 1135G7/42LT542005,14,Intel Core i5,8GB,SSD: 256GB,25999000,24999000,https://fptshop.com.vn/may-tinh-xach-tay/dell-latitude-5420cto-i5-1135g7-win-11,FPTshop
HP,HP ENVY x360 Convert 13 ay1057AU R5 5600U/601Q9PA,13.3,AMD Ryzen 5,8GB,SSD: 256GB,25999000,24999000,https://fptshop.com.vn/may-tinh-xach-tay/hp-envy-x360-convert-13-ay1057au-r5-5600u,FPTshop
Asus,Asus Vivobook Pro M3500QC-L1105T/R5-5600H,15.6,AMD Ryzen 5,8GB,SSD: 512GB,26599000,24739000,https://fptshop.com.vn/may-tinh-xach-tay/asus-vivobook-pro-m3500qc-l1105t-r5-5600h,FPTshop
Acer,Acer Nitro Gaming AN515-58-52SP/i5-12500H,15.6,Intel Core i5,8GB,SSD: 512GB,27999000,24699000,https://fptshop.com.vn/may-tinh-xach-tay/acer-nitro-gaming-an515-58-52sp-i5-12500h,FPTshop
Apple,"MacBook Air 13"" 2020 M1 256GB",13.3,Apple M1,8GB,SSD: 256GB,28999000,24499000,https://fptshop.com.vn/may-tinh-xach-tay/macbook-air-13-2020-m1-256gb,FPTshop
Lenovo,Lenovo Yoga 7 14ACN6 R7 5800U/82N7002LVN,14,AMD Ryzen 7,8GB,SSD: 512GB,26999000,24300000,https://fptshop.com.vn/may-tinh-xach-tay/lenovo-yoga-7-14acn6-r7-5800u,FPTshop
Gigabyte,Gigabyte Gaming G5 GD i5 11400H/51S1123SO,15.6,Intel Core i5,16GB,SSD: 512GB,26999000,23999000,https://fptshop.com.vn/may-tinh-xach-tay/gigabyte-gaming-g5-gd-i5-11400h-win-11,FPTshop
HP,HP Envy x360 13-bd0531TU i5 1135G7/4Y1D1PA,13.3,Intel Core i5,8GB,SSD: 256GB,24999000,23999000,https://fptshop.com.vn/may-tinh-xach-tay/hp-envy-x360-13-bd0531tu-i5-1135g7,FPTshop
Lenovo,Lenovo Yoga Slim 7 14ITL05 Core i5-1135G7/82A300LEVN,14,Intel Core i5,16GB,SSD: 512GB,26299000,23700000,https://fptshop.com.vn/may-tinh-xach-tay/lenovo-yoga-slim-7-14itl05-i5-1135g7-win-11,FPTshop
Acer,Acer Nitro Gaming AN515-57-74NU/i7-11800H,15.6,Intel Core i7,8GB,SSD: 512GB,29999000,23699000,https://fptshop.com.vn/may-tinh-xach-tay/acer-nitro-gaming-an515-57-74nu-i7-11800h,FPTshop
Lenovo,Lenovo ThinkBook 15 G2 ITL i7 1165G7/20VE00URVN,15.6,Intel Core i7,8GB,SSD: 512GB,26199000,23600000,https://fptshop.com.vn/may-tinh-xach-tay/lenovo-thinkbook-15-g2-itl-i7-1165g7-win-11,FPTshop
Asus,ASUS Gaming TUF FX506HCB-HN1138W/i5-11400H,15.6,Intel Core i5,8GB,SSD: 512GB,25999000,23399000,https://fptshop.com.vn/may-tinh-xach-tay/asus-gaming-tuf-fx506hcb-hn1138w-i5-11400h,FPTshop
Lenovo,Laptop Lenovo IdeaPad Gaming 3 15ACH6 R7 5800H/8GB/512GB/15.6”FHD/RTX 3050/Win 11,15.6,AMD Ryzen 7,8GB,SSD: 512GB,25999000,23000000,https://fptshop.com.vn/may-tinh-xach-tay/lenovo-ideapad-gaming-3-15ach6-r7-5800h,FPTshop
Asus,"Laptop Asus TUF Gaming FX506HC-HN144W i5 11400H/8GB/512GB/15.6""FHD/RTX 3050 4GB/Win 11",15.6,Intel Core i5,8GB,SSD: 512GB,25499000,22949000,https://fptshop.com.vn/may-tinh-xach-tay/asus-tuf-gaming-fx506hc-hn144w-i5-11400h,FPTshop
Asus,Asus Zenbook UX425EA-KI429T/i5-1135G7,14,Intel Core i5,8GB,SSD: 512GB,23999000,22319000,https://fptshop.com.vn/may-tinh-xach-tay/asus-zenbook-ux425ea-ki429t-i5-1135g7,FPTshop
Asus,Asus ROG Strix Gaming G513IH-HN015W/R7-4800H,15.6,AMD Ryzen 7,8GB,SSD: 512GB,23999000,22319000,https://fptshop.com.vn/may-tinh-xach-tay/asus-rog-strix-g513ih-hn015w-r7-4800h,FPTshop
Asus,Asus Zenbook UX425EA-KI883W/i5-1135G7,14,Intel Core i5,8GB,SSD: 512GB,22999000,21999000,https://fptshop.com.vn/may-tinh-xach-tay/asus-zenbook-ux425ea-ki883w-i5-1135g7,FPTshop
Fujitsu,Fujitsu CH 9C13A1 i5 1135G7/4ZR1C39165,13.3,Intel Core i5,8GB,SSD: 512GB,25999000,21999000,https://fptshop.com.vn/may-tinh-xach-tay/fujitsu-ch-9c13a1-i5-1135g7-win-10,FPTshop
HP,HP Gaming VICTUS 16 e0175AX R5 5600H/4R0U8PA,16.1,AMD Ryzen 5,8GB,SSD: 512GB,24499000,21899000,https://fptshop.com.vn/may-tinh-xach-tay/hp-gaming-victus-16-e0175ax-r5-5600h-win-10,FPTshop
HP,MTXT HP Envy 13 ba1537TU i5-1135G7/4U6P0PA,13.3,Intel Core i5,8GB,SSD: 256GB,22899000,21899000,https://fptshop.com.vn/may-tinh-xach-tay/hp-envy-13-ba1537tu-i5-1135g7-win-11,FPTshop
Dell,Dell Vostro V3510 i5 1135G7/P112F002BBL,15.6,Intel Core i5,8GB,SSD: 512GB,22999000,21849000,https://fptshop.com.vn/may-tinh-xach-tay/dell-vostro-v3510-i5-1135g7-win-11,FPTshop
Asus,Asus Vivobook Pro M3401QA-KM025W/R7-5800H,14,AMD Ryzen 7,8GB,SSD: 512GB,21999000,21199000,https://fptshop.com.vn/may-tinh-xach-tay/asus-vivobook-pro-m3401qa-km025w-r7-5800h,FPTshop
Lenovo,Laptop Lenovo IdeaPad Gaming 3 15ACH6 R5 5600H/8GB/512GB/15.6”FHD/RTX 3050/Win 11,15.6,AMD Ryzen 5,8GB,SSD: 512GB,23999000,21100000,https://fptshop.com.vn/may-tinh-xach-tay/lenovo-ideapad-gaming-3-15ach6-r5-5600h,FPTshop
Lenovo,"Laptop LENOVO ThinkPad E14 Gen 3  R7-5700U/8GB/512GB/14.0""FHD/Win 11",14,AMD Ryzen 7,8GB,SSD: 512GB,23499000,21100000,https://fptshop.com.vn/may-tinh-xach-tay/lenovo-thinkpad-e14-gen-3-r7-5700u-win-11,FPTshop
Acer,Acer Swift 3 SF314-511-55QE/i5-1135G7,14,Intel Core i5,16GB,SSD: 512GB,22999000,20999000,https://fptshop.com.vn/may-tinh-xach-tay/acer-swift-3-sf314-511-55qe-i5-1135g7,FPTshop
Dell,Dell Vostro V3400 i5 1135G7/YX51W3,14,Intel Core i5,8GB,SSD: 512GB,21999000,20899000,https://fptshop.com.vn/may-tinh-xach-tay/dell-vostro-v3400-i5-1135g7-mx330-win10,FPTshop
MSI,MSI Gaming GF63 10SC 812VN i7 10750H,15.6,Intel Core i7,8GB,SSD: 512GB,22999000,20700000,https://fptshop.com.vn/may-tinh-xach-tay/msi-gaming-gf63-10sc-812vn-i7-10750h,FPTshop
HP,HP Pavilion 15 eg0506TX i5 1135G7/46M05PA,15.6,Intel Core i5,8GB,SSD: 512GB,20999000,20499000,https://fptshop.com.vn/may-tinh-xach-tay/hp-pavilion-15-eg0506tx-i5-1135g7,FPTshop
Asus,Asus Vivobook S533EQ-BN441W/i5-1135G7,15.6,Intel Core i5,8GB,SSD: 512GB,20999000,20199000,https://fptshop.com.vn/may-tinh-xach-tay/asus-vivobook-s533eq-bn441w-i5-1135g7,FPTshop
Dell,Dell Vostro V3400 i5 1135G7/YX51W2,14,Intel Core i5,8GB,SSD: 256GB,20999000,19949000,https://fptshop.com.vn/may-tinh-xach-tay/dell-vostro-v3400-i5-1135g7-mx-330,FPTshop
Dell,Dell Inspiron N7415 R5 5500U/NK,14,AMD Ryzen 5,8GB,SSD: 256GB,21499000,19899000,https://fptshop.com.vn/may-tinh-xach-tay/dell-inspiron-n7415-r5-5500u-win-11-nk,FPTshop
MSI,MTXT MSI Gaming Bravo 15 B5DD-270VN R5-5600H,15.6,AMD Ryzen 5,8GB,SSD: 512GB,21999000,19800000,https://fptshop.com.vn/may-tinh-xach-tay/msi-gaming-bravo-15-b5dd-270vn-r5-5600h,FPTshop
MSI,MTXT MSI Modern 14 B11MOU-1031VN i7-1195G7,14,Intel Core i7,8GB,SSD: 512GB,21999000,19800000,https://fptshop.com.vn/may-tinh-xach-tay/msi-modern-14-b11mou-1031vn-i7-1195g7,FPTshop
Lenovo,Lenovo E14 Gen 2 i5 1135G7/20TA00JJVN,14,Intel Core i5,8GB,SSD: 512GB,21899000,19700000,https://fptshop.com.vn/may-tinh-xach-tay/lenovo-thinkpad-e14-gen-2-i5-1135g7,FPTshop
Acer,Acer Swift 3 SF314-43-R4X3/R5-5500U,14,AMD Ryzen 5,16GB,SSD: 512GB,20999000,19399000,https://fptshop.com.vn/may-tinh-xach-tay/acer-swift-3-sf314-43-r4x3-r5-5500u,FPTshop
Asus,Asus Vivobook Pro M3401QA-KM006W/R5-5600H,14,AMD Ryzen 5,8GB,SSD: 512GB,19999000,19199000,https://fptshop.com.vn/may-tinh-xach-tay/asus-vivobook-pro-m3401qa-km006w-r5-5600h,FPTshop
Dell,Dell Inspiron N3511 i5 1135G7/P112F001DBL,15.6,Intel Core i5,4GB,SSD: 512GB,19999000,19199000,https://fptshop.com.vn/may-tinh-xach-tay/dell-inspiron-n3511-i5-1135g7-win-11,FPTshop
Asus,"Laptop Asus Vivobook Flip TP470EA-EC347W i5 1135G7/8GB/512GB/14.0""FHD Touch/Win 11",14,Intel Core i5,8GB,SSD: 512GB,20099000,19099000,https://fptshop.com.vn/may-tinh-xach-tay/asus-vivobook-flip-tp470ea-ec347w-i5-1135g7,FPTshop
MSI,MSI Gaming GF63 10SC 804VN i5 10500H,15.6,Intel Core i5,8GB,SSD: 512GB,20999000,18900000,https://fptshop.com.vn/may-tinh-xach-tay/msi-gaming-gf63-10sc-804vn-i5-10500h,FPTshop
Asus,Asus Vivobook S533EA-BN462W/i5-1135G7,15.6,Intel Core i5,8GB,SSD: 512GB,19499000,18899000,https://fptshop.com.vn/may-tinh-xach-tay/asus-vivobook-s533ea-bn462w-i5-1135g7,FPTshop
Acer,Acer Aspire Gaming A715-42G-R1SB/R5-5500U,15.6,AMD Ryzen 5,8GB,SSD: 256GB,20999000,18689000,https://fptshop.com.vn/may-tinh-xach-tay/acer-aspire-gaming-a715-42g-r1sb-r5-5500u,FPTshop
HP,HP Pavilion 14-dv1033TU i5 1155G7/5Z9U8PA,14,Intel Core i5,8GB,SSD: 256GB,18999000,18499000,https://fptshop.com.vn/may-tinh-xach-tay/hp-pavilion-14-dv1033tu-i5-1155g7,FPTshop
HP,HP Pavilion 15-eg0539TU i5-1135G7/4P5G6PA,15.6,Intel Core i5,8GB,SSD: 512GB,18999000,18499000,https://fptshop.com.vn/may-tinh-xach-tay/hp-pavilion-15-eg0539tu-i5-1135g7-win-11,FPTshop
Lenovo,"Laptop Lenovo ThinkPad E14 Gen 3 R5 5500U/8GB/512GB/14.0""FHD/Win 11",14,AMD Ryzen 5,8GB,SSD: 512GB,20399000,18400000,https://fptshop.com.vn/may-tinh-xach-tay/lenovo-thinkpad-e14-gen-3-r5-5500u,FPTshop
Asus,Asus Vivobook X515EP-BQ401W/i5-1135G7,15.6,Intel Core i5,8GB,SSD: 512GB,18999000,18199000,https://fptshop.com.vn/may-tinh-xach-tay/asus-vivobook-x515ep-bq401w-i5-1135g7,FPTshop
Asus,Asus Vivobook X515EP-BQ189T/i5-1135G7,15.6,Intel Core i5,8GB,SSD: 512GB,18999000,18199000,https://fptshop.com.vn/may-tinh-xach-tay/asus-vivobook-x515ep-bq189t-i5-1135g7,FPTshop
Dell,Dell Vostro V3400 C734G i5 1135G7/NK,14,Intel Core i5,8GB,SSD: 512GB,19599000,18199000,https://fptshop.com.vn/may-tinh-xach-tay/dell-vostro-v3400-c734g-i5-1135g7-win-10-pro-nk,FPTshop
Asus,ASUS Vivobook A515EA-BQ498T/i5-1135G7,15.6,Intel Core i5,8GB,SSD: 512GB,18999000,18199000,https://fptshop.com.vn/may-tinh-xach-tay/asus-vivobook-a515ea-bq498t-i5-1135g7,FPTshop
Dell,Dell Vostro V3400 i5 1135G7/70253900,14,Intel Core i5,8GB,SSD: 512GB,18899000,18149000,https://fptshop.com.vn/may-tinh-xach-tay/dell-vostro-v3400-i5-1135g7-win-10,FPTshop
Dell,Dell Vostro V3400 i5 1135G7/70270645,14,Intel Core i5,8GB,SSD: 256GB,18899000,18149000,https://fptshop.com.vn/may-tinh-xach-tay/dell-vostro-v3400-i5-1135g7-win-11,FPTshop
MSI,MSI Modern 15 A11MU 678VN i5 1155G7,15.6,Intel Core i5,8GB,SSD: 512GB,19999000,18000000,https://fptshop.com.vn/may-tinh-xach-tay/msi-modern-15-a11mu-678vn-i5-1155g7,FPTshop
MSI,MSI Modern 15 A5M 235VN R7 5700U/235VN,15.6,AMD Ryzen 7,8GB,SSD: 512GB,19999000,18000000,https://fptshop.com.vn/may-tinh-xach-tay/msi-modern-15-a5m-235vn-r7-5700u,FPTshop
Acer,Acer Aspire Gaming A715-42G-R4XX/R5-5500U,15.6,AMD Ryzen 5,8GB,SSD: 256GB,19999000,17999000,https://fptshop.com.vn/may-tinh-xach-tay/acer-aspire-gaming-a715-42g-r4xx-r5-5500u,FPTshop
Asus,Asus Vivobook A515EA-L11970T/i5-1135G7,15.6,Intel Core i5,8GB,SSD: 512GB,19999000,17999000,https://fptshop.com.vn/may-tinh-xach-tay/asus-vivobook-a515ea-l11970t-i5-1135g7,FPTshop
HP,Laptop HP 240 G8 i5 1135G7/8GB/512GB/14’’HD/Win 11,14,Intel Core i5,8GB,SSD: 512GB,18399000,17899000,https://fptshop.com.vn/may-tinh-xach-tay/hp-240-g8-i5-1135g7-512gb,FPTshop
Acer,ACER Aspire Gaming A715-42G-R4ST/R5-5500U,15.6,AMD Ryzen 5,8GB,SSD: 256GB,19999000,17799000,https://fptshop.com.vn/may-tinh-xach-tay/acer-aspire-gaming-a715-42g-r4st-r5-5500u,FPTshop
HP,HP Pavilion 15-eg0540TU i5-1135G7/4P5G7PA,15.6,Intel Core i5,8GB,SSD: 256GB,17999000,17499000,https://fptshop.com.vn/may-tinh-xach-tay/hp-pavilion-15-eg0540tu-i5-1135g7-win-11,FPTshop
Dell,Dell Vostro V3405 R5 3500U/V4R53500U003W1,14,AMD Ryzen 5,8GB,SSD: 512GB,17999000,17259000,https://fptshop.com.vn/may-tinh-xach-tay/dell-vostro-v3405-r5-3500u-win-11,FPTshop
HP,HP Pavilion 14-dv0536TU i5 1135G7/4P5G5PA,14,Intel Core i5,8GB,SSD: 256GB,17699000,17199000,https://fptshop.com.vn/may-tinh-xach-tay/hp-pavilion-14-dv0536tu-i5-1135g7-win-11,FPTshop
Asus,Asus Vivobook A415EA-EB1471W/i5-1135G7,14,Intel Core i5,8GB,SSD: 512GB,17799000,16999000,https://fptshop.com.vn/may-tinh-xach-tay/asus-vivobook-a415ea-eb1471w-i5-1135g7,FPTshop
MSI,MSI Modern 14 B11MOU 852VN i5 1155G7/852VN,14,Intel Core i5,8GB,SSD: 512GB,18799000,16900000,https://fptshop.com.vn/may-tinh-xach-tay/msi-modern-14-b11mou-852vn-i5-1155g7,FPTshop
Dell,Dell Inspiron N3501 i5 1135G7/NK,15.6,Intel Core i5,12GB,SSD: 256GB,17999000,16699000,https://fptshop.com.vn/may-tinh-xach-tay/dell-inspiron-n501-i5-1135g7-win-10-nk,FPTshop
Acer,Acer Aspire A514-54-5127/i5-1135G7,14,Intel Core i5,8GB,SSD: 512GB,18499000,16649000,https://fptshop.com.vn/may-tinh-xach-tay/acer-aspire-a514-54-5127-i5-1135g7,FPTshop
MSI,MSI Modern 14 B11MOU-1034VN i5-1155G7,14,Intel Core i5,8GB,SSD: 512GB,18499000,16600000,https://fptshop.com.vn/may-tinh-xach-tay/msi-modern-14-b11mou-1034vn-i5-1155g7,FPTshop
HP,HP 240 G8 i5 1135G7/3D0F9PA,14,Intel Core i5,8GB,SSD: 512GB,17999000,16499000,https://fptshop.com.vn/may-tinh-xach-tay/hp-240-g8-i5-1135g7-512gb-win10,FPTshop
HP,HP 15s-du3592TU i5 1135G7/63P88PA,15.6,Intel Core i5,8GB,SSD: 512GB,16999000,16499000,https://fptshop.com.vn/may-tinh-xach-tay/hp-15s-du3592tu-i5-1135g7,FPTshop
HP,HP 15s fq2561TU i5 1135G7/46M29PA,15.6,Intel Core i5,8GB,SSD: 512GB,16999000,16499000,https://fptshop.com.vn/may-tinh-xach-tay/hp-15s-fq2561tu-i5-1135g7-win11,FPTshop
HP,MTXT HP 245 G8 R5-5500U/61C66PA,14,AMD Ryzen 5,8GB,SSD: 512GB,16699000,16199000,https://fptshop.com.vn/may-tinh-xach-tay/hp-245-g8-r5-5500u-win-11,FPTshop
Asus,Asus Vivobook  X515EA-BQ993W/i5-1135G7,15.6,Intel Core i5,8GB,SSD: 512GB,16999000,16199000,https://fptshop.com.vn/may-tinh-xach-tay/asus-vivobook-x515ea-bq993w-i5-1135g7,FPTshop
MSI,MSI Modern 14 B5M R5 5500U/062VN,14,AMD Ryzen 5,8GB,SSD: 512GB,17299000,15600000,https://fptshop.com.vn/may-tinh-xach-tay/msi-modern-14-b5m-r5-5500u-win-10,FPTshop
HP,HP 15s fq2602TU i5 1135G7/4B6D3PA,15.6,Intel Core i5,8GB,SSD: 256GB,15999000,15499000,https://fptshop.com.vn/may-tinh-xach-tay/hp-15s-fq2602tu-i5-1135g7-win11,FPTshop
Dell,Dell Vostro V3400 i3 1115G4/70270644,14,Intel Core i3,8GB,SSD: 256GB,15999000,15359000,https://fptshop.com.vn/may-tinh-xach-tay/dell-vostro-v3400-i3-1115g4-win11,FPTshop
MSI,MSI Modern 14 B5M 202VNR5 5500U/202VN,14,AMD Ryzen 5,8GB,SSD: 512GB,16999000,15300000,https://fptshop.com.vn/may-tinh-xach-tay/msi-modern-14-b5m-202vn-r5-5500u,FPTshop
Acer,Acer Aspire 3 A315-57G-573F/i5-1035G1,15.6,Intel Core i5,8GB,SSD: 512GB,16999000,15299000,https://fptshop.com.vn/may-tinh-xach-tay/acer-aspire-3-a315-57g-573f-i5-1035g1,FPTshop
Dell,Dell Vostro V3400 i3 1115G4/70253899,14,Intel Core i3,8GB,SSD: 256GB,15899000,15269000,https://fptshop.com.vn/may-tinh-xach-tay/dell-vostro-v3400-i3-1115g4-win10,FPTshop
Dell,Dell Latitude L3420CTO i3 1115G4/42LT342004,14,Intel Core i3,4GB,SSD: 256GB,15999000,14999000,https://fptshop.com.vn/may-tinh-xach-tay/dell-latitude-l3420cto-i3-1115g4,FPTshop
Dell,Dell Vostro V3510 i3 1115G4/V5I3305W,15.6,Intel Core i3,8GB,SSD: 256GB,15499000,14859000,https://fptshop.com.vn/may-tinh-xach-tay/dell-vostro-v3510-i3-1115g4,FPTshop
Asus,ASUS VivoBook A515EA-BN1688W/i3-1115G4,15.6,Intel Core i3,8GB,SSD: 256GB,15499000,14799000,https://fptshop.com.vn/may-tinh-xach-tay/asus-vivoBook-a515ea-bn1688w-i3-1115g4,FPTshop
HP,"Laptop HP Pavilion 15 eg0513TU i3 1125G4/4GB/256GB/15.6""FHD/Win 11",15.6,Intel Core i3,4GB,SSD: 256GB,14899000,14699000,https://fptshop.com.vn/may-tinh-xach-tay/hp-pavilion-15-eg0513tu-i3-1125g4-win-11,FPTshop
Dell,Dell Inspiron 15 N3511 i3 1115G4/P112F001,15.6,Intel Core i3,4GB,SSD: 256GB,15299000,14689000,https://fptshop.com.vn/may-tinh-xach-tay/dell-inspiron-n3511-i3-1115g4-win-11,FPTshop
Asus,Asus Vivobook A415EA-EB1749W/i3-1125G4,14,Intel Core i3,8GB,SSD: 480GB,14999000,14299000,https://fptshop.com.vn/may-tinh-xach-tay/asus-vivobook-a415ea-eb1749w-i3-1125g4,FPTshop
HP,HP Pavilion 14-dv0516TU i3 1125G4/46L88PA,14,Intel Core i3,4GB,SSD: 256GB,14599000,14099000,https://fptshop.com.vn/may-tinh-xach-tay/hp-pavilion-14-dv0516tu-i3-1125g4,FPTshop
Dell,Dell Inspiron N3511 i3 1115G4/NK,15.6,Intel Core i3,4GB,SSD: 128GB,14499000,13549000,https://fptshop.com.vn/may-tinh-xach-tay/dell-inspiron-n3511-i3-1115g4-win10-nk,FPTshop
HP,HP 15s du1110TU i3 10110U/Z8Q7PA,15.6,Intel Core i3,8GB,SSD: 512GB,13899000,13399000,https://fptshop.com.vn/may-tinh-xach-tay/hp-15s-du1110tu-i3-10110u,FPTshop
Dell,Dell Inspiron N3501 i3 1115G4/NK,15.6,Intel Core i3,4GB,SSD: 256GB,14199000,13299000,https://fptshop.com.vn/may-tinh-xach-tay/dell-inspiron-n3501-i3-1115g4-win-10-nk,FPTshop
HP,MTXT HP 245 G8 R3-5300U/61C62PA,14,AMD Ryzen 3,8GB,SSD: 512GB,13699000,13199000,https://fptshop.com.vn/may-tinh-xach-tay/hp-245-g8-r3-5300u-win-11,FPTshop
MSI,MSI Modern 14 B11MOU-1028VN i3 1115G4,14,Intel Core i3,8GB,SSD: 256GB,14499000,13000000,https://fptshop.com.vn/may-tinh-xach-tay/msi-modern-14-b11mou-1028vn-i3-1115g4,FPTshop
Asus,Asus Vivobook X415EA-EB935W/i3-1115G4,14,Intel Core i3,8GB,SSD: 256GB,13499000,12899000,https://fptshop.com.vn/may-tinh-xach-tay/asus-vivobook-x415ea-eb935w-i3-1115g4,FPTshop
Asus,"Laptop Asus Vivobook X415EA-EK1387W i3 1115G4/8GB/256GB/14"" FHD/Win 11",14,Intel Core i3,8GB,SSD: 256GB,13499000,12899000,https://fptshop.com.vn/may-tinh-xach-tay/asus-vivobook-x415ea-ek1387w-i3-1115g4,FPTshop
Lenovo,"Laptop Lenovo IdeaPad Slim 3 15ITL6 i3 1115G4/8GB/512GB/15.6""FHD/Win 11",15.6,Intel Core i3,8GB,SSD: 512GB,14999000,12500000,https://fptshop.com.vn/may-tinh-xach-tay/lenovo-ideapad-3-15itl6-i3-1115g4-win-11,FPTshop
Lenovo,Lenovo IdeaPad Slim 3 15ALC6 R3 5300U/82KU00TBVN,15.6,AMD Ryzen 3,8GB,SSD: 512GB,14499000,12000000,https://fptshop.com.vn/may-tinh-xach-tay/lenovo-ideapad-slim-3-15alc6-r3-5300u,FPTshop
HP,HP 15s du1105TU i3 10110U/2Z6L3PA,15.6,Intel Core i3,4GB,SSD: 256GB,12499000,11999000,https://fptshop.com.vn/may-tinh-xach-tay/hp-15s-du1105tu-i3-10110u-win-11,FPTshop
Asus,Asus Vivobook D515DA-EJ845T/R3-3250U,15.6,AMD Ryzen 3,4GB,SSD: 512GB,11999000,11399000,https://fptshop.com.vn/may-tinh-xach-tay/asus-vivobook-d515da-ej845t-r3-3250u,FPTshop
Acer,Acer Aspire A315-58-35AG/i3-1115G4,15.6,Intel Core i3,4GB,SSD: 256GB,12499000,11249000,https://fptshop.com.vn/may-tinh-xach-tay/acer-aspire-3-a315-58-35ag-i3-1115g4,FPTshop
Dell,Dell Inspiron N3502 Pentium N5030/NK,15.6,Intel Pentium,4GB,SSD: 128GB,11299000,10699000,https://fptshop.com.vn/may-tinh-xach-tay/dell-inspiron-n3502-pentium-n5030-win-10-nk,FPTshop
Dell,Dell Inspiron N3510 Pentium N5030,15.6,Intel Pentium,4GB,SSD: 128GB,11299000,10629000,https://fptshop.com.vn/may-tinh-xach-tay/dell-inspiron-n3510-pentium-n5030-win-10-nk,FPTshop
HP,HP 240 G8 N5030/604K1PA,14,Intel Pentium,4GB,SSD: 256GB,10999000,10499000,https://fptshop.com.vn/may-tinh-xach-tay/hp-240-g8-pentium-n5030,FPTshop
Dell,Dell Inspiron N3502 N4020/NK,15.6,Intel Celeron,4GB,SSD: 128GB,10699000,10149000,https://fptshop.com.vn/may-tinh-xach-tay/dell-inspiron-n3502-celeron-n4020-win-10-nk,FPTshop
Dell,Dell Inspiron N3510 N4020/P91K5_NK,15.6,Intel Celeron,4GB,SSD: 128GB,10699000,10059000,https://fptshop.com.vn/may-tinh-xach-tay/dell-inspiron-n3510-n4020-nk,FPTshop
Asus,Asus Flip BR1100FKA-BP0660T/N6000,11.6,Intel Pentium,4GB,eMMC: 128GB,10499000,8999000,https://fptshop.com.vn/may-tinh-xach-tay/asus-flip-br1100fka-bp0660t-n6000,FPTshop
Acer,Acer Travel Mate B3 TMB311-31-P49D/Pentium N5030,11.6,Intel Pentium,4GB,SSD: 256GB,10999000,8499000,https://fptshop.com.vn/may-tinh-xach-tay/acer-travel-mate-b3-tmb311-31-p49d-pentium-n5030,FPTshop
Asus,ASUS Flip BR1100FKA-BP0531T/N4500,11.6,Intel Celeron,4GB,eMMC: 128GB,9999000,8499000,https://fptshop.com.vn/may-tinh-xach-tay/asus-flip-br1100fka-bp0531t-n4500,FPTshop
Chuwi,CHUWI LarkBook Celeron N4120/Touch,13.3,Intel Celeron,8GB,SSD: 256GB,9399000,8369000,https://fptshop.com.vn/may-tinh-xach-tay/chuwi-larkbook-n4120,FPTshop
Chuwi,CHUWI LarkBook Intel N4120,13.3,Intel Celeron,8GB,SSD: 256GB,9199000,8189000,https://fptshop.com.vn/may-tinh-xach-tay/chuwi-larkbook-celeron-n4120,FPTshop
Acer,Acer Travel Mate B3 TMB311-31-C2HB/Celeron N4020,11.6,Intel Celeron,4GB,SSD: 128GB,9999000,7499000,https://fptshop.com.vn/may-tinh-xach-tay/acer-travel-mate-b3-tmb311-31-c2hb-celeron-n4020,FPTshop
Masstel,"Laptop Masstel E116 Celeron N4020/4GB/128GB/11.6""HD/Win 10",11.6,Intel Celeron,4GB,eMMC: 128GB,5999000,5999000,https://fptshop.com.vn/may-tinh-xach-tay/masstel-e116-celeron-n4020,FPTshop
Acer,Acer Triton Gaming PT516-51S-71RW/i7-11800H,16,Intel Core i7,64GB,SSD: 1TB,84999000,75649000,https://fptshop.com.vn/may-tinh-xach-tay/acer-triton-gaming-pt516-51s-71rw-i7-11800h,FPTshop
Dell,"Laptop Dell Gaming Alienware M15 R5 R9 5900HX/16GB/1TB SSD/RTX 3070 8GB/15.6""FHD/Win 10+Office HS 19",15.6,AMD Ryzen 9,16GB,SSD: 1TB,58999000,56049000,https://fptshop.com.vn/may-tinh-xach-tay/dell-gaming-alienware-m15-r5-r9-5900hx,FPTshop
MSI,MTXT MSI Gaming GE66 Raider 11UG-210VN i7-11800H,15.6,Intel Core i7,16GB,SSD: 2TB,59999000,54000000,https://fptshop.com.vn/may-tinh-xach-tay/msi-gaming-raider-ge66-11ug-210vn-i7-11800h,FPTshop
MSI,MSI Stealth Gaming GS66 10SE-407VN/i7-10750H,15.6,Intel Core i7,16GB,SSD: 512GB,46990000,46990000,https://fptshop.com.vn/may-tinh-xach-tay/msi-stealth-gs66-10se-407vn-i7-10750h,FPTshop
HP,HP Gaming OMEN 16 b0141TX i5 11400H,16.1,Intel Core i5,16GB,SSD: 1TB,43999000,41799000,https://fptshop.com.vn/may-tinh-xach-tay/hp-gaming-omen-16-b0141tx-i5-11400h,FPTshop
Asus,Asus Zenbook UX371EA-HL725WS/i7-1165G7,13.3,Intel Core i7,16GB,SSD: 1TB,41999000,39899000,https://fptshop.com.vn/may-tinh-xach-tay/asus-zenbook-ux371ea-hl725ws-i7-1165g7,FPTshop
Asus,Asus Zenbook UX371EA-HL494TS/i7-1165G7,13.3,Intel Core i7,16GB,SSD: 1TB,41999000,39899000,https://fptshop.com.vn/may-tinh-xach-tay/asus-zenbook-ux371ea-hl494ts-i7-1165g7,FPTshop
Dell,Dell Gaming G5 5500 i7 10750H,15.6,Intel Core i7,16GB,SSD: 512GB,37999000,37999000,https://fptshop.com.vn/may-tinh-xach-tay/dell-gaming-g5-5500-i7-10750h-rtx-2070,FPTshop
MSI,MSI Gaming Stealth15M A11SDK 061VN i7 1185G7,15.6,Intel Core i7,16GB,SSD: 512GB,34490000,34490000,https://fptshop.com.vn/may-tinh-xach-tay/msi-stealth-15m-a11sdk-061vn-i7-1185g7,FPTshop
MSI,MSI Leopard GL65 10SDK-242VN/Core i7-10750H,15.6,Intel Core i7,16GB,SSD: 512GB,33490000,33490000,https://fptshop.com.vn/may-tinh-xach-tay/msi-leopard-gl65-10sdk-242vn-i7-10750h,FPTshop
MSI,MSI Gaming Alpha 17 B5EEK-031VN R7-5800H,17.3,AMD Ryzen 7,8GB,SSD: 512GB,35499000,31900000,https://fptshop.com.vn/may-tinh-xach-tay/msi-gaming-alpha-17-b5eek-031vn-r7-5800h,FPTshop
Acer,Acer Nitro Gaming AN515-57-5831/i5-11400H,15.6,Intel Core i5,8GB,SSD: 512GB,32999000,30359000,https://fptshop.com.vn/may-tinh-xach-tay/acer-nitro-gaming-an515-57-5831-i5-11400h,FPTshop
HP,HP ENVY x360 Convert 13 ay1056AU R7 5800U/601Q8PA,13.3,AMD Ryzen 7,8GB,SSD: 256GB,30299000,29299000,https://fptshop.com.vn/may-tinh-xach-tay/hp-envy-x360-convert-13-ay1056au-r7-5800u,FPTshop
HP,MTXT HP Gaming Victus 16-d0198TX i7-11800H/4R0U0PA,16.1,Intel Core i7,8GB,SSD: 512GB,32499000,28929000,https://fptshop.com.vn/may-tinh-xach-tay/hp-gaming-victus-16-d0198tx-i7-11800h,FPTshop
HP,"Laptop HP Gaming Victus 16-d0290TX i7 11800H/8GB/512GBSSD/RTX 3050Ti 4GB/16.1""FHD/Win 11",16.1,Intel Core i7,8GB,SSD: 512GB,32499000,28929000,https://fptshop.com.vn/may-tinh-xach-tay/hp-victus-16-d0290tx-i7-11800h,FPTshop
Microsoft,Microsoft Surface Pro 7 Plus/Core i5-1135G7,12.3,Intel Core i5,8GB,SSD: 128GB,28999000,28499000,https://fptshop.com.vn/may-tinh-xach-tay/microsoft-surface-pro-7-plus-i5-1135g7,FPTshop
Gigabyte,GIGABYTE Gaming G5 i5 11400H/G5 MD-51S1123SO,15.6,Intel Core i5,16GB,SSD: 512GB,29999000,28199000,https://fptshop.com.vn/may-tinh-xach-tay/gigabyte-gaming-g5-md-i5-11400h-win-11,FPTshop
HP,HP Pavillion Gaming 15 dk1159TX/i7 10750H,15.6,Intel Core i7,8GB,SSD: 512GB,28990000,27990000,https://fptshop.com.vn/may-tinh-xach-tay/hp-pavillion-gaming-15-dk1159tx-i7-10750h,FPTshop
HP,HP Pavilion Gaming 15 dk1074TX i7 10750H/1K3U8PA,15.6,Intel Core i7,8GB,SSD: 512GB,27490000,27490000,https://fptshop.com.vn/may-tinh-xach-tay/hp-pavilion-gaming-15-dk1074tx-i7-10750h,FPTshop
HP,HP Envy x360 13 ay0069AU R7 4700U/171N3PA,13.3,AMD Ryzen 7,8GB,SSD: 256GB,27199000,27199000,https://fptshop.com.vn/may-tinh-xach-tay/hp-envy-x360-13-ay0069au-r7-4700u,FPTshop
Lenovo,Laptop Lenovo IdeaPad 5 Pro 16ACH6 R7 5800H/16GB/512GB/16”WQXGA/RTX 3050/Win 11,16,AMD Ryzen 7,16GB,SSD: 512GB,29990000,27000000,https://fptshop.com.vn/may-tinh-xach-tay/lenovo-ideapad-5-pro-16ach6-r7-5800h-rtx-3050,FPTshop
Lenovo,Lenovo Yoga 7 14ITL5 i7 1165G7/82BH00CKVN,14,Intel Core i7,8GB,SSD: 512GB,26999000,26999000,https://fptshop.com.vn/may-tinh-xach-tay/lenovo-yoga-7-14itl5-i7-1165g7,FPTshop
Asus,Asus Gaming ROG G513IC-HN002T/R7-4800H,15.6,AMD Ryzen 7,8GB,SSD: 512GB,27499000,26119000,https://fptshop.com.vn/may-tinh-xach-tay/asus-gaming-rog-g513ic-hn002t-r7-4800h,FPTshop
Lenovo,Lenovo Gaming Legion 5 R7 4800H,15.6,AMD Ryzen 7,16GB,SSD: 512GB,28999000,26100000,https://fptshop.com.vn/may-tinh-xach-tay/lenovo-gaming-legion-5-r7-4800h-16gb-512gb,FPTshop
Dell,Dell Inspiron N5410 i5 1155G7/N4I5547W1,14,Intel Core i5,8GB,SSD: 512GB,27299000,25939000,https://fptshop.com.vn/may-tinh-xach-tay/dell-inspiron-n5410-i5-1155g7-mx350-2gb,FPTshop
Lenovo,Laptop Lenovo IdeaPad 5 Pro 16ACH6 R5 5600H/16GB/512GB/16”WQXGA/RTX 3050/Win 11,16,AMD Ryzen 5,16GB,SSD: 512GB,27999000,25200000,https://fptshop.com.vn/may-tinh-xach-tay/lenovo-ideapad-5-pro-16ach6-r5-5600h-rtx-3050,FPTshop
HP,HP Probook 440 G8 i7 1165G7,14,Intel Core i7,16GB,SSD: 512GB,26190000,25190000,https://fptshop.com.vn/may-tinh-xach-tay/hp-probook-440-g8-i7-1165g7,FPTshop
Asus,"Laptop Asus Gaming TUF FX706H-HX105W i5-11400H/8GB/512GB/RTX 3050 4GB/17.3""FHD/Win 11",17.3,Intel Core i5,8GB,SSD: 512GB,26499000,25169000,https://fptshop.com.vn/may-tinh-xach-tay/asus-gaming-tuf-hx706h-hx105w-i5-11400h,FPTshop
MSI,MSI Gaming GF63 Thin 11UD i5-11400H,15.6,Intel Core i5,8GB,SSD: 512GB,27499000,24700000,https://fptshop.com.vn/may-tinh-xach-tay/msi-gaming-gf63-thin-11ud-i5-11400h,FPTshop
Dell,Dell Inspiron N5515 R7 5700U/N5R75700U104W,15.6,AMD Ryzen 7,8GB,SSD: 512GB,24299000,24299000,https://fptshop.com.vn/may-tinh-xach-tay/dell-inspiron-n5515-r7-5700u-win-10,FPTshop
HP,HP VICTUS 16-d0202TX i5 11400H/4R0U4PA,16.1,Intel Core i5,8GB,SSD: 512GB,27199000,24209000,https://fptshop.com.vn/may-tinh-xach-tay/hp-victus-16-d0202tx-i5-11400h,FPTshop
Dell,Dell Vostro V3400 i7 1165G7/V4I7015W1,14,Intel Core i7,8GB,SSD: 512GB,25199000,23899000,https://fptshop.com.vn/may-tinh-xach-tay/dell-vostro-v3400-i7-1165g7-win-11,FPTshop
HP,HP Pavilion x360 14-dy0075TU i7 1165G7/46L93PA,14,Intel Core i7,8GB,SSD: 512GB,23699000,23199000,https://fptshop.com.vn/may-tinh-xach-tay/hp-pavilion-x360-14-dy0075tu-i7-1165g7,FPTshop
MSI,MSI Gaming Bravo 15 B5DD 275VN R7 5800H/275VN,15.6,AMD Ryzen 7,8GB,SSD: 512GB,25499000,22900000,https://fptshop.com.vn/may-tinh-xach-tay/msi-gaming-bravo-15-b5dd-275vn-r7-5800h,FPTshop
MSI,MSI Bravo Gaming 15 B5DD 264VN R7 5800H/264VN,15.6,AMD Ryzen 7,8GB,SSD: 512GB,25499000,22900000,https://fptshop.com.vn/may-tinh-xach-tay/msi-bravo-15-b5dd-264vn-r7-5800h,FPTshop
Dell,Dell Inspiron N5410 i5 1155G7/70270653,14,Intel Core i5,8GB,SSD: 512GB,23999000,22799000,https://fptshop.com.vn/may-tinh-xach-tay/dell-inspiron-n5410-i5-1155g7-win-11,FPTshop
Asus,ASUS VivoBook A515EP-BQ196T/i7-1165G7,15.6,Intel Core i7,8GB,SSD: 512GB,23499000,22559000,https://fptshop.com.vn/may-tinh-xach-tay/asus-vivobook-a515ep-bq196t-i7-1165g7,FPTshop
HP,HP Pavilion 15 eg0504TU i7 1165G7,15.6,Intel Core i7,8GB,SSD: 512GB,22699000,22199000,https://fptshop.com.vn/may-tinh-xach-tay/hp-pavilion-15-eg0504tu-i7-1165g7-win-11,FPTshop
MSI,MSI Gaming GF63 10SC 014VN i5 10200H,15.6,Intel Core i5,8GB,SSD: 512GB,20990000,20990000,https://fptshop.com.vn/may-tinh-xach-tay/msi-gf63-10sc-i5-10200h,FPTshop
Acer,Acer Aspire Gaming A715-75G-58U4/i5-10300H,15.6,Intel Core i5,8GB,SSD: 512GB,21999000,20239000,https://fptshop.com.vn/may-tinh-xach-tay/acer-aspire-gaming-a715-75g-58u4-i5-10300h,FPTshop
Lenovo,Laptop Lenovo IdeaPad Gaming 3 15IHU6 i5 11300H/8GB/512GB/15.6”FHD/GTX 1650/RGB/Win 11,15.6,Intel Core i5,8GB,SSD: 512GB,22999000,20200000,https://fptshop.com.vn/may-tinh-xach-tay/lenovo-ideapad-gaming-3-15ihu6-i5-11300h,FPTshop
MSI,MSI Modern 14 B11SBU 668VN i5 1155G7/668VN,14,Intel Core i5,8GB,SSD: 512GB,22499000,20200000,https://fptshop.com.vn/may-tinh-xach-tay/msi-modern-14-b11sbu-668vn-i5-1155g7,FPTshop
MSI,MSI Gaming Bravo 15 B5DD 276VN R5 5600H/276VN,15.6,AMD Ryzen 5,8GB,SSD: 512GB,22499000,20200000,https://fptshop.com.vn/may-tinh-xach-tay/msi-gaming-bravo-15-b5dd-276vn-r5-5600h,FPTshop
MSI,MSI Gaming Bravo 15 A4DCR 292VN R5 4600H,15.6,AMD Ryzen 5,8GB,SSD: 512GB,19990000,19990000,https://fptshop.com.vn/may-tinh-xach-tay/msi-bravo-15-a4dcr-292vn-r5-4600h,FPTshop
MSI,MSI Modern 14 B11MOU 460VN i7 1165G7,14,Intel Core i7,8GB,SSD: 512GB,21999000,19800000,https://fptshop.com.vn/may-tinh-xach-tay/msi-modern-14-b11mou-460vn-i7-1165g7,FPTshop
Asus,Laptop Asus Vivobook Flip TM420UA-EC182W/R7-5700U/8GB/512GB/14''FHDTouch/Win11,14,AMD Ryzen 7,8GB,SSD: 512GB,20499000,19469000,https://fptshop.com.vn/may-tinh-xach-tay/asus-vivobook-flip-tm420ua-ec182w-r7-5700u,FPTshop
Dell,Dell Vostro V5515 R3 5300U/70253897,15.6,AMD Ryzen 3,8GB,SSD: 256GB,18599000,18599000,https://fptshop.com.vn/may-tinh-xach-tay/dell-vostro-v5515-r3-5300u,FPTshop
HP,HP Pavilion 14-dv1031TU i5 1155G7/5Z9U0PA,14,Intel Core i5,8GB,SSD: 512GB,18999000,18499000,https://fptshop.com.vn/may-tinh-xach-tay/hp-pavilion-14-dv1031tu-i5-1155g7,FPTshop
Lenovo,"Laptop Lenovo V14 G2 ITL i7 1165G7/8GB/512GB/14.0""FHD/Win 11",14,Intel Core i7,8GB,SSD: 512GB,20199000,18200000,https://fptshop.com.vn/may-tinh-xach-tay/lenovo-v14-g2-itl-i7-1165g7,FPTshop
HP,HP Pavilion 14 dv0510TU i5 1135G7/46L79PA,14,Intel Core i5,8GB,SSD: 512GB,18499000,17999000,https://fptshop.com.vn/may-tinh-xach-tay/hp-pavilion-14-dv0510tu-i5-1135g7-win-10,FPTshop
Lenovo,Lenovo IdeaPad Slim 3 14ITL6 i5 1135G7,14,Intel Core i5,8GB,SSD: 512GB,17999000,17999000,https://fptshop.com.vn/may-tinh-xach-tay/lenovo-ideapad-3-14itl6-i5-1135g7,FPTshop
Avita,Avita Liber NS14A9 R5 4500U/NS14A9VNV561-UGA,14,AMD Ryzen 5,8GB,SSD: 512GB,17999000,17999000,https://fptshop.com.vn/may-tinh-xach-tay/avita-liber-ns14a9-uga-r5-4500u-win-10,FPTshop
Avita,Avita Liber NS14A9 R5 4500U/NS14A9VNV561-ABA,14,AMD Ryzen 5,8GB,SSD: 512GB,17999000,17999000,https://fptshop.com.vn/may-tinh-xach-tay/laptop-avita-liber-ns14a9-aba-r5-4500u-win-10,FPTshop
HP,HP Pavilion 14-dv0513TU i5 1135G7/46L82PA,14,Intel Core i5,8GB,SSD: 256GB,17699000,17199000,https://fptshop.com.vn/may-tinh-xach-tay/hp-pavilion-14-dv0513tu-i5-1135g7,FPTshop
HP,HP Pavilion 14 dv0042TU i5-1135G7,14,Intel Core i5,8GB,SSD: 256GB,17490000,17190000,https://fptshop.com.vn/may-tinh-xach-tay/hp-pavilion-14-dv0042tu-i5-1135g7,FPTshop
Acer,Acer Aspire 3 A315-58-59LY/i5-1135G7,15.6,Intel Core i5,8GB,SSD: 512GB,16999000,16149000,https://fptshop.com.vn/may-tinh-xach-tay/acer-aspire-3-a315-58-59ly-i5-1135g7,FPTshop
HP,"Laptop HP Pavilion 15 eg0509TU i3 1125G4/4GB/512GB/15.6""FHD/Win 11",15.6,Intel Core i3,4GB,SSD: 512GB,15799000,15499000,https://fptshop.com.vn/may-tinh-xach-tay/hp-pavilion-15-eg0509tu-i3-1125g4-win-11,FPTshop
HP,MTXT HP Pavilion X360 14-dy0172TU i3 1125G4/4Y1D7PA,14,Intel Core i3,4GB,SSD: 256GB,15899000,15399000,https://fptshop.com.vn/may-tinh-xach-tay/hp-pavilion-x360-14-dy0172tu-i3-1125g4,FPTshop
Lenovo,"Laptop Lenovo IdeaPad Slim 3 15ITL6 i5 1135G7/8GB/512GB/15.6""FHD/Win 11",15.6,Intel Core i5,8GB,SSD: 512GB,17999000,15200000,https://fptshop.com.vn/may-tinh-xach-tay/lenovo-ideapad-slim-3-15itl6-i5-1135g7-win-11,FPTshop
Asus,"Laptop Asus Vivobook Flip TP470EA-EC346W i3 1115G4/4GB/512GB/14.0""FHDTouch/Win11",14,Intel Core i3,4GB,SSD: 512GB,15899000,15069000,https://fptshop.com.vn/may-tinh-xach-tay/asus-vivobook-flip-tp470ea-ec346w-i3-1115g4,FPTshop
Asus,"Laptop Asus Vivobook A515EA-BQ3013W/i3-1115G4/8GB/256GB/15.6""FHD/Win 11",15.6,Intel Core i3,8GB,SSD: 256GB,15499000,14799000,https://fptshop.com.vn/may-tinh-xach-tay/asus-vivobook-a515ea-bq3013w-i3-1115g4,FPTshop
Asus,Asus VivoBook A415EA-EB1750W/i3-1125G4,14,Intel Core i3,8GB,SSD: 256GB,14399000,13779000,https://fptshop.com.vn/may-tinh-xach-tay/asus-vivobook-a415ea-eb1750w-i3-1125g4,FPTshop
Asus,"Laptop Asus Vivobook X515EA-BR2044W i3 1115G4/8GB/512GB/15.6""HD/Win 11",15.6,Intel Core i3,8GB,SSD: 512GB,13999000,13399000,https://fptshop.com.vn/may-tinh-xach-tay/asus-vivobook-x515ea-br2044w-i3-1115g4,FPTshop
Acer,Acer Aspire A315-57G-32QP/i3-1005G1,15.6,Intel Core i3,4GB,SSD: 256GB,13499000,12819000,https://fptshop.com.vn/may-tinh-xach-tay/acer-aspire-3-a315-57g-32qp-i3-1005g1,FPTshop
HP,MTXT HP 14s-cf2527TU i3-10110U/4K4A1PA,14,Intel Core i3,4GB,SSD: 256GB,12499000,12499000,https://fptshop.com.vn/may-tinh-xach-tay/hp-14s-cf2527tu-i3-10110u,FPTshop
HP,MTXT HP 240 G8 i3-1005G/617M3PA,14,Intel Core i3,4GB,SSD: 256GB,11999000,11499000,https://fptshop.com.vn/may-tinh-xach-tay/hp-240-g8-i3-1005g1-win-11-256gb,FPTshop
Acer,Acer Aspire A315-56-38B1/i3-1005G1,15.6,Intel Core i3,4GB,SSD: 256GB,11999000,11399000,https://fptshop.com.vn/may-tinh-xach-tay/acer-aspire-3-a315-56-38b1-i3-1005g1,FPTshop
Acer,Acer Aspire 3 A314-35-P3G9/Pentium N6000,14,Intel Pentium,4GB,SSD: 256GB,9499000,9019000,https://fptshop.com.vn/may-tinh-xach-tay/acer-aspire-3-a314-35-p3g9-pentium-n6000,FPTshop
Acer,Acer Aspire A314-35-C3KS/Celeron N5100,14,Intel Celeron,4GB,SSD: 256GB,8499000,8069000,https://fptshop.com.vn/may-tinh-xach-tay/acer-aspire-3-a314-35-c3ks-celeron-n5100,FPTshop
