Brand,Name,ScreenSize,CPU,RAM,HardDisk,DefaultPrice,SalePrice,Link,Website
Acer,Laptop Acer TravelMate B3 TMB311 31 C2HB N4020/4GB/128GB/Win11 (NX.VNFSV.006),11.6,Intel Celeron,4GB,SSD: 128GB,9990000,4990000,https://www.thegioididong.com/laptop/acer-travelmate-b3-tmb311-31-c2hb-nxvnfsv006?src=osp,TheGioiDiDong
Acer,Laptop Acer TravelMate B3 TMB311 31 P49D N5030/4GB/256GB/Win11 (NX.VNFSV.005),11.6,Intel Pentium,4GB,SSD: 256GB,10990000,5490000,https://www.thegioididong.com/laptop/acer-travelmate-b3-tmb311-31-p49d-n5030-nxvnfsv005?src=osp,TheGioiDiDong
Apple,Laptop Apple MacBook Air M1 2020 16GB/256GB/7-core GPU (Z124000DE),13.3,Apple M1,16GB,SSD: 256GB,33990000,28990000,https://www.thegioididong.com/laptop/apple-macbook-air-m1-2020-z124000de?src=osp,TheGioiDiDong
Acer,Laptop Acer Nitro 5 Gaming AN515 45 R6EV R5 5600H/8GB/512GB/144Hz/4GB GTX1650/Win11 (NH.QBMSV.006),15.6,AMD Ryzen 5,8GB,SSD: 512GB,23990000,19190000,https://www.thegioididong.com/laptop/acer-nitro-5-gaming-an515-45-r6ev-r5-nhqbmsv006?src=osp,TheGioiDiDong
Lenovo,Laptop Lenovo Ideapad 3 15IML05 i3 10110U/4GB/256GB/Win11 (81WB01DPVN),15.6,Intel Core i3,4GB,SSD: 256GB,12490000,9490000,https://www.thegioididong.com/laptop/lenovo-ideapad-3-15iml05-i3-81wb01dpvn?src=osp,TheGioiDiDong
MSI,Laptop MSI Gaming GE66 Raider 11UG i7 11800H/16GB/2TB SSD/8GB RTX3070/360Hz/Balo/Chu?t/Win10 (258VN),15.6,Intel Core i7,16GB,SSD: 2TB,59990000,52990000,https://www.thegioididong.com/laptop/msi-gaming-ge66-raider-11ug-i7-258vn?src=osp,TheGioiDiDong
MSI,Laptop MSI Gaming GS66 Stealth 11UG i7 11800H/32GB/2TB SSD/8GB RTX3070 Max-Q/360Hz/Balo/Chu?t/Win10 (219VN),15.6,Intel Core i7,32GB,SSD: 2TB,64990000,53990000,https://www.thegioididong.com/laptop/msi-gaming-gs66-stealth-11ug-i7-219vn?src=osp,TheGioiDiDong
Asus,Laptop Asus TUF Gaming FX506LH i5 10300H/8GB/512GB/4GB GTX1650/144Hz/Win11 (HN188W),15.6,Intel Core i5,8GB,SSD: 512GB,20990000,17990000,https://www.thegioididong.com/laptop/asus-tuf-gaming-fx506lh-i5-hn188w?src=osp,TheGioiDiDong
Asus,Laptop Asus ROG Strix Gaming G513IH R7 4800H/8GB/512GB/4GB GTX1650/144Hz/Win11 (HN015W),15.6,AMD Ryzen 7,8GB,SSD: 512GB,22990000,19990000,https://www.thegioididong.com/laptop/asus-rog-strix-gaming-g513ih-r7-hn015w?src=osp,TheGioiDiDong
MSI,Laptop MSI Gaming GF63 Thin 10SC i7 10750H/8GB/512GB/4GB GTX1650 Max-Q/144Hz/Balo/Chu?t/Win10 (480VN),15.6,Intel Core i7,8GB,SSD: 512GB,22990000,20690000,https://www.thegioididong.com/laptop/msi-gaming-gf63-thin-10sc-i7-480vn?src=osp,TheGioiDiDong
LG,Laptop HP Gaming VICTUS 16 e0170AX R7 5800H/8GB/512GB/4GB RTX3050Ti/144Hz/Win11 (4R0U7PA),16.1,AMD Ryzen 7,8GB,SSD: 512GB,29990000,25990000,https://www.thegioididong.com/laptop/hp-gaming-victus-16-e0170ax-r7-4r0u7pa?src=osp,TheGioiDiDong
Acer,Laptop Acer Nitro 5 Gaming AN515 57 54MV i5 11400H/8GB/512GB/4GB RTX3050/144Hz/Win11 (NH.QENSV.003),15.6,Intel Core i5,8GB,SSD: 512GB,26490000,22510000,https://www.thegioididong.com/laptop/acer-nitro-5-gaming-an515-57-54mv-i5-nhqensv003?src=osp,TheGioiDiDong
Apple,Laptop Apple MacBook Pro M1 2020/16GB/256GB (Z11B000CT),13.3,Apple M1,16GB,SSD: 256GB,39990000,34990000,https://www.thegioididong.com/laptop/apple-macbook-pro-m1-2020-z11b000ct?src=osp,TheGioiDiDong
Lenovo,Laptop Lenovo Ideapad 5 15ITL05 i5 1135G7/8GB/512GB/Win11 (82FG01H7VN),15.6,Intel Core i5,8GB,SSD: 512GB,19990000,16990000,https://www.thegioididong.com/laptop/lenovo-ideapad-5-15itl05-i5-82fg01h7vn?src=osp,TheGioiDiDong
HP,Laptop HP 245 G8 R3 5300U/4GB/256GB/Win11 (63T27PA),14,AMD Ryzen 3,4GB,SSD: 256GB,12690000,12190000,https://www.thegioididong.com/laptop/hp-245-r3-win11-63t27pa?src=osp,TheGioiDiDong
Itel,Laptop itel ABLE 1S N4020/4GB/256GB/Win11 (71006300027),14,Intel Celeron,4GB,SSD: 256GB,8990000,7490000,https://www.thegioididong.com/laptop/itel-able-1s-n4020-71006300027?src=osp,TheGioiDiDong
Dell,Laptop Dell Gaming G15 5515 R5 5600H/8GB/256GB/4GB RTX3050/120Hz/OfficeHS/Win11 (P105F004CGR),14,Intel Core i7,16GB,SSD: 512GB,25990000,21990000,https://www.thegioididong.com/laptop/msi-prestige-14-a11sc-i7-202vn?src=osp,TheGioiDiDong
Gigabyte,Laptop GIGABYTE Gaming G5 i5 11400H/16GB/512GB/4GB RTX3050Ti/144Hz/Win10 (51S1123SH),15.6,Intel Core i5,16GB,SSD: 512GB,29990000,25990000,https://www.thegioididong.com/laptop/gigabyte-gaming-g5-i5-md51s1123sh?src=osp,TheGioiDiDong
Lenovo,Laptop Lenovo Ideapad 3 15ITL6 i5 1135G7/8GB/512GB/Win11 (82H801P9VN),15.6,Intel Core i5,8GB,SSD: 512GB,18490000,16490000,https://www.thegioididong.com/laptop/lenovo-ideapad-5-15itl05-i5-82fg01h7vn?src=osp,TheGioiDiDong
Lenovo,Laptop Lenovo Gaming Legion 5 15ITH6 i7 11800H/16GB/512GB/4GB RTX3050Ti/165Hz/Win11 (82JK00FNVN),15.6,Intel Core i7,16GB,SSD: 512GB,39990000,39990000,https://www.thegioididong.com/laptop/lenovo-gaming-legion-5-15ith6-i7-82jk00fnvn?src=osp,TheGioiDiDong
Intel,Laptop Intel NUC M15 Kit i7 1165G7/16GB/512GB/Touch/Win10 (BBC710ECUXBC1),15.6,Intel Core i7,16GB,SSD: 512GB,37990000,27990000,https://www.thegioididong.com/laptop/intel-nuc-m15-kit-i7-bbc710ecuxbc1?src=osp,TheGioiDiDong
Lenovo,Laptop Lenovo ThinkBook 14p G2 ACH R5 5600H/16GB/512GB/Win11 (20YN001HVN),14,AMD Ryzen 5,16GB,SSD: 512GB,25990000,23990000,https://www.thegioididong.com/laptop/thinkbook-14p-g2-ach-r5-20yn001hvn?src=osp,TheGioiDiDong
Asus,Laptop Asus ZenBook UX425EA i5 1135G7/8GB/512GB/Cáp/Túi/Win11 (KI839W),14,Intel Core i5,8GB,SSD: 512GB,22990000,21990000,https://www.thegioididong.com/laptop/asus-zenbook-ux425ea-i5-ki839w?src=osp,TheGioiDiDong
Dell,Laptop Dell Gaming G15 5511 i7 11800H/16GB/512GB/4GB RTX3050Ti/120Hz/Office H&S/Win11 (P105F006BGR),15.6,Intel Core i7,16GB,SSD: 512GB,35990000,31990000,https://www.thegioididong.com/laptop/dell-gaming-g15-5515-r7-70266674?src=osp,TheGioiDiDong
Dell,Laptop Dell Gaming Alienware m15 R6 i7 11800H/32GB/1TB SSD/6GB RTX3060/165Hz/Office H&S/Win11 (P109F001DBL),15.6,Intel Core i7,32GB,SSD: 1TB,61990000,56990000,https://www.thegioididong.com/laptop/dell-gaming-alienware-m15-r6-i7-p109f001dbl?src=osp,TheGioiDiDong
Dell,Laptop Dell Gaming G15 5515 R7 5800H/8GB/512GB/4GB RTX3050/120Hz/Office H&S/Win11 (70266674),15.6,AMD Ryzen 7,8GB,SSD: 512GB,29990000,29990000,https://www.thegioididong.com/laptop/dell-gaming-g15-5515-r7-70266674?src=osp,TheGioiDiDong
MSI,Laptop MSI Creator Z16P B12UGST i7 12700H/32GB/2TB SSD/8GB RTX3070Ti Max-Q/165Hz/Túi/Chu?t/Win11 (050VN),16,Intel Core i7,32GB,SSD: 2TB,79990000,78990000,https://www.thegioididong.com/laptop/msi-creator-z16p-b12ugst-i7-050vn?src=osp,TheGioiDiDong
Apple,Laptop MacBook Pro 14 M1 Max 2021 10-core CPU/32GB/512GB/24-core GPU (Z15G),14.2,Apple M1 Max,32GB,SSD: 512GB,76900000,72900000,https://www.thegioididong.com/laptop/macbook-pro-14-m1-max-2021-10-core-cpu?src=osp,TheGioiDiDong
MSI,Laptop MSI Gaming GE66 Raider 11UH i7 11800H/32GB/2TB SSD/16GB RTX3080/240Hz/Balo/Chu?t/Win10 (259VN),15.6,Intel Core i7,32GB,SSD: 2TB,77990000,69190000,https://www.thegioididong.com/laptop/msi-gaming-ge66-raider-11uh-i7-259vn?src=osp,TheGioiDiDong
Apple,Laptop MacBook Pro 14 M1 Pro 2021 10-core CPU/32GB/512GB/16-core GPU (Z15J001N0),14.2,Apple M1 Pro,32GB,SSD: 512GB,71990000,67990000,https://www.thegioididong.com/laptop/macbook-pro-14-inch-m1-pro-2021-10-core-cpu?src=osp,TheGioiDiDong
Dell,Laptop Dell Gaming Alienware m15 R6 i7 11800H/32GB/1TB SSD/8GB RTX3070/240Hz/OfficeHS/Win11 (70272633),15.6,Intel Core i7,32GB,SSD: 1TB,66490000,66490000,https://www.thegioididong.com/laptop/dell-gaming-alienware-m15-r6-i7-70272633?src=osp,TheGioiDiDong
Apple,Laptop Apple MacBook Pro 16 M1 Pro 2021 10 core-CPU/16GB/512GB/16 core-GPU (MK183SA/A),16.2,Apple M1 Pro,16GB,SSD: 512GB,64990000,60990000,https://www.thegioididong.com/laptop/apple-pro-16-m1-pro-2021-10-core-cpu?src=osp,TheGioiDiDong
Apple,Laptop MacBook Pro 14 M1 Pro 2021 8-core CPU/32GB/512GB/14-core GPU (Z15G004SS),14.2,Apple M1 Pro,32GB,SSD: 512GB,64990000,60990000,https://www.thegioididong.com/laptop/macbook-pro-14-inch-m1-pro-2021-8-core-cpu?src=osp,TheGioiDiDong
MSI,Laptop MSI Creator Z16 A12UET i7 12700H/16GB/1TB SSD/6GB RTX3060/120Hz/Túi/Chu?t/Win11 (036VN),16,Intel Core i7,16GB,SSD: 1TB,60990000,59990000,https://www.thegioididong.com/laptop/msi-creator-z16-a12uet-i7-036vn?src=osp,TheGioiDiDong
MSI,Laptop MSI Gaming Vector GP66 12UGS i7 12700H/16GB/1TB SSD/8GB RTX3070Ti/165Hz/Balo/Chu?t/Win11 (432VN),15.6,Intel Core i7,16GB,SSD: 1TB,55990000,54990000,https://www.thegioididong.com/laptop/msi-gaming-vector-gp66-12ugs-i7-432vn?src=osp,TheGioiDiDong
MSI,Laptop MSI Gaming Leopard GP76 11UG i7 11800H/16GB/1TB SSD/8GB RTX3070/300Hz/Balo/Chu?t/Win10 (823VN),17.3,Intel Core i7,16GB,SSD: 1TB,52990000,51990000,https://www.thegioididong.com/laptop/msi-gaming-leopard-gp76-11ug-i7-823vn?src=osp,TheGioiDiDong
Asus,Laptop Asus Gaming ROG Flow Z13 GZ301Z i7 12700H/16GB/512GB/4GB RTX3050/120Hz/Touch/Pen/Túi/Win11 (LD110W),13.4,Intel Core i7,16GB,SSD: 512GB,49990000,49490000,https://www.thegioididong.com/laptop/asus-gaming-rog-flow-z13-gz301z-i7-ld110w?src=osp,TheGioiDiDong
Apple,Laptop MacBook Pro 14 M1 Pro 2021 8-core CPU/16GB/512GB/14-core GPU (MKGP3SA/A),14.2,Apple M1 Pro,16GB,SSD: 512GB,52990000,48990000,https://www.thegioididong.com/laptop/macbook-pro-14-m1-pro-2021-8-core-cpu?src=osp,TheGioiDiDong
LG,Laptop LG Gram 17 2021 i7 1165G7/16GB/1TB SSD/Win10 (17Z90P-G.AH78A5),17,Intel Core i7,16GB,SSD: 1TB,54890000,44890000,https://www.thegioididong.com/laptop/lg-gram-17-i7-17z90pgah78a5?src=osp,TheGioiDiDong
HP,Laptop HP EliteBook X360 1040 G8 i7 1165G7/16GB/512GB/Touch/Pen/Win10 Pro (3G1H4PA),14,Intel Core i7,16GB,SSD: 512GB,49590000,44590000,https://www.thegioididong.com/laptop/hp-elitebook-x360-1040-g8-i7-3g1h4pa?src=osp,TheGioiDiDong
LG,Laptop LG Gram 17 2021 i7 1165G7/16GB/512GB/Win10 (17Z90P-G.AH76A5),17,Intel Core i7,16GB,SSD: 512GB,52890000,42890000,https://www.thegioididong.com/laptop/lg-gram-17-i7-17z90pgah76a5?src=osp,TheGioiDiDong
LG,Laptop LG Gram 16 2021 i7 1165G7/16GB/512GB/Win10 (16Z90P-G.AH75A5),16,Intel Core i7,16GB,SSD: 512GB,50890000,40890000,https://www.thegioididong.com/laptop/lg-gram-16-i7-16z90pgah75a5?src=osp,TheGioiDiDong
Microsoft,Laptop Surface Pro 8 i5 1135G7/8GB/256GB/Touch/120Hz/Win11 (DR1-00003),13,Intel Core i5,8GB,SSD: 256GB,38990000,38990000,https://www.thegioididong.com/laptop/surface-pro-8-i5-dr100003?src=osp,TheGioiDiDong
LG,Laptop LG Gram 16 2021 i7 1165G7/16GB/256GB/Win10 (16Z90P-G.AH73A5),16,Intel Core i7,16GB,SSD: 256GB,49890000,38890000,https://www.thegioididong.com/laptop/lg-gram-16-i7-16z90pgah73a5?src=osp,TheGioiDiDong
LG,Laptop LG Gram 14 2021 i7 1165G7/16GB/512GB/Win 10 (14Z90P-G.AH75A5),14,Intel Core i7,16GB,SSD: 512GB,47890000,37890000,https://www.thegioididong.com/laptop/lg-gram-14-i7-14z90pgah75a5?src=osp,TheGioiDiDong
Dell,Laptop Dell XPS 13 9310 i5 1135G7/8GB/512GB/Cáp/Office H&S/Win11 (70273578),13.4,Intel Core i5,8GB,SSD: 512GB,41990000,37790000,https://www.thegioididong.com/laptop/dell-xps-13-9310-i5-70273578?src=osp,TheGioiDiDong
MSI,Laptop MSI Creator M16 A12UC i7 12700H/16GB/512GB/4GB RTX3050/Túi/Chu?t/Win11 (292VN),16,Intel Core i7,16GB,SSD: 512GB,36990000,36990000,https://www.thegioididong.com/laptop/msi-creator-m16-a12uc-i7-292vn?src=osp,TheGioiDiDong
MSI,Laptop MSI Gaming Stealth 15M A11UEK i7 11375H/16GB/512GB/6GB RTX3060 Max-Q/144Hz/Balo/Chu?t/Win10 (254VN),15.6,Intel Core i7,16GB,SSD: 512GB,41990000,36790000,https://www.thegioididong.com/laptop/msi-gaming-stealth-15m-a11uek-i7-254vn?src=osp,TheGioiDiDong
HP,Laptop HP ZBook Firefly 14 G8 i5 1135G7/16GB/512GB/4GB Quadro T500/Win10 Pro (275V5AV),14,Intel Core i5,16GB,SSD: 512GB,39890000,36090000,https://www.thegioididong.com/laptop/hp-zbook-firefly-14-g8-i5-275v5av?src=osp,TheGioiDiDong
Lenovo,Laptop Lenovo Yoga Duet 7 13ITL6 i7 1165G7/16GB/1TB SSD/Touch/Pen/Win10 (82MA003UVN),13,Intel Core i7,16GB,SSD: 1TB,35990000,35990000,https://www.thegioididong.com/laptop/lenovo-yoga-duet-7-13itl6-i7-82ma003uvn?src=osp,TheGioiDiDong
Apple,Laptop Apple MacBook Air M1 2020 16GB/512GB/8-core GPU,13.3,Apple M1,16GB,SSD: 512GB,39990000,35990000,https://www.thegioididong.com/laptop/apple-macbook-air-m1-2020-8-core-gpu?src=osp,TheGioiDiDong
Lenovo,Laptop Lenovo Yoga 9 14ITL5 i7/1185G7/16GB/1TB SSD/Touch/Pen/Win10 (82BG006EVN),14,Intel Core i7,16GB,SSD: 1TB,49990000,34990000,https://www.thegioididong.com/laptop/lenovo-yoga-9-14itl5-i7-82bg006evn?src=osp,TheGioiDiDong
Lenovo,Laptop Lenovo YOGA Slim 7 Carbon 13ITL5 i7 1165G7/16GB/1TB SSD/Win10 (82EV0017VN),13.3,Intel Core i7,16GB,SSD: 1TB,34990000,34990000,https://www.thegioididong.com/laptop/lenovo-yoga-slim-7-carbon-13itl5-i7-82ev0017vn?src=osp,TheGioiDiDong
Acer,Laptop Acer Nitro 5 AN515 45 R9SC R7 5800H/8GB/512GB/8GB RTX3070/144Hz/Win10 (NH.QBRSV.001),15.6,AMD Ryzen 7,8GB,SSD: 512GB,39990000,33990000,https://www.thegioididong.com/laptop/acer-nitro-5-an515-45-r9sc-r7-nhqbrsv001?src=osp,TheGioiDiDong
MSI,Laptop MSI Katana GF76 11UE i7 11800H/16GB/512GB/6GB RTX3060/144Hz/Balo/Chu?t/Win11 (450VN),17.3,Intel Core i7,16GB,SSD: 512GB,33490000,33490000,https://www.thegioididong.com/laptop/msi-katana-gf76-11ue-i7-450vn?src=osp,TheGioiDiDong
MSI,Laptop MSI Summit E13 Flip i7 1185G7/16GB/1TB SSD/Touch/Túi/Pen/Win10 (211VN),13.4,Intel Core i7,16GB,SSD: 1TB,37990000,32990000,https://www.thegioididong.com/laptop/msi-summit-e13-flip-i7-211vn?src=osp,TheGioiDiDong
Dell,Laptop Dell Gaming G15 5515 R7 5800H/16GB/512GB/4GB RTX3050Ti/120Hz/OfficeHS/Win11 (70266675),15.6,AMD Ryzen 7,16GB,SSD: 512GB,32990000,32990000,https://www.thegioididong.com/laptop/dell-gaming-g15-5515-r7-70266675?src=osp,TheGioiDiDong
MSI,Laptop MSI Gaming GF65 10UE i7 10750H/16GB/512GB/6GB RTX3060 Max-Q/Balo/Win10 (228VN),15.6,Intel Core i7,16GB,SSD: 512GB,32490000,32490000,https://www.thegioididong.com/laptop/msi-gf65-10ue-i7-228vn?src=osp,TheGioiDiDong
Asus,Laptop Asus ZenBook UX482EA i5 1135G7/8GB/512GBTouch/Pen/Túi/Stand/Win11 (KA397W),14,Intel Core i5,8GB,SSD: 512GB,32990000,31990000,https://www.thegioididong.com/laptop/asus-zenbook-ux482ea-i5-ka397w?src=osp,TheGioiDiDong
Lenovo,Laptop Lenovo Gaming Legion 5 15ACH6 R7 5800H/8GB/512GB/4GB RTX3050Ti/165Hz/Win11 (82JW00KMVN),15.6,AMD Ryzen 7,8GB,SSD: 512GB,31990000,31990000,https://www.thegioididong.com/laptop/lenovo-gaming-legion-5-15ach6-r7-82jw00kmvn?src=osp,TheGioiDiDong
Asus,Laptop Asus ZenBook Duo UX482EA i5 1135G7/8GB/512GB/Touch/Pen/Túi/Stand/Win10 (KA274T),14,Intel Core i5,8GB,SSD: 512GB,32990000,31990000,https://www.thegioididong.com/laptop/asus-zenbook-ux482ea-i5-ka274t?src=osp,TheGioiDiDong
Apple,Laptop Apple MacBook Pro M1 2020 8GB/256GB (MYD82SA/A),13.3,Apple M1,8GB,SSD: 256GB,34990000,31490000,https://www.thegioididong.com/laptop/apple-macbook-pro-2020-m1-myd82saa?src=osp,TheGioiDiDong
Asus,Laptop Asus TUF Gaming FX507ZC i7 12700H/8GB/512GB/4GB RTX3050/144Hz/Win11 (HN124W),15.6,Intel Core i7,8GB,SSD: 512GB,31490000,30990000,https://www.thegioididong.com/laptop/asus-tuf-gaming-fx507zc-i7-hn124w?src=osp,TheGioiDiDong
HP,Laptop HP Gaming VICTUS 16 d0198TX i7 11800H/8GB/32GB+512GB/4GB RTX3050Ti/Win11 (4R0U0PA),16.1,Intel Core i7,8GB,SSD: 512GB,32490000,30490000,https://www.thegioididong.com/laptop/hp-gaming-victus-16-d0198tx-i7-4r0u0pa?src=osp,TheGioiDiDong
Dell,Laptop Dell Gaming G15 5511 i7 11800H/8GB/512GB/4GB RTX3050/120Hz/Office H&S/Win11 (P105F006AGR),15.6,Intel Core i7,8GB,SSD: 512GB,33990000,29990000,https://www.thegioididong.com/laptop/dell-gaming-g15-5511-i7-p105f006agr?src=osp,TheGioiDiDong
MSI,Laptop MSI Gaming Pulse GL66 11UDK i7 11800H/16GB/512GB/4GB RTX3050Ti/144Hz/Balo/Chu?t/Win10 (816VN),15.6,Intel Core i7,16GB,SSD: 512GB,33990000,30590000,https://www.thegioididong.com/laptop/msi-gaming-pulse-gl66-11udk-i7-816vn?src=osp,TheGioiDiDong
Asus,Laptop Asus TUF Gaming FA707RC R7 6800H/8GB/512GB/4GB RTX3050/144Hz/Win11 (HX130W),17.3,AMD Ryzen 7,8GB,SSD: 512GB,29990000,29490000,https://www.thegioididong.com/laptop/asus-tuf-gaming-fa707rc-r7-hx130w?src=osp,TheGioiDiDong
Asus,Laptop Asus TUF Gaming FX516PM i7 11370H/8GB/512GB/6GB RTX3060/144Hz/Win10 (HN002T),15.6,Intel Core i7,8GB,SSD: 512GB,32990000,29190000,https://www.thegioididong.com/laptop/asus-tuf-gaming-fx516pm-i7-hn002t?src=osp,TheGioiDiDong
MSI,Laptop MSI Prestige 15 A11SC i7 1185G7/16GB/512GB/4GB GTX1650 Max-Q/Túi/Chu?t/Win10 (052VN),15.6,Intel Core i7,16GB,SSD: 512GB,29990000,28990000,https://www.thegioididong.com/laptop/msi-prestige-15-a11sc-i7-052vn?src=osp,TheGioiDiDong
Lenovo,Laptop Lenovo Gaming Legion 5 15ACH6 R5 5600H/8GB/512GB/4GB RTX3050/165Hz/Win11 (82JW00KLVN),15.6,AMD Ryzen 5,8GB,SSD: 512GB,28990000,28990000,https://www.thegioididong.com/laptop/lenovo-gaming-legion-5-15ach6-r5-82jw00klvn?src=osp,TheGioiDiDong
Lenovo,Laptop Lenovo YOGA Slim 7 Carbon 13ITL5 i5 1135G7/16GB/512GB/Win10 (82EV0016VN),13.3,Intel Core i5,16GB,SSD: 512GB,28990000,28990000,https://www.thegioididong.com/laptop/lenovo-yoga-slim-7-carbon-13itl5-i5-82ev0016vn?src=osp,TheGioiDiDong
Lenovo,Laptop Lenovo Yoga Slim 7 14ITL05 i7 1165G7/8GB/512GB/Win11 (82A300LDVN),14,Intel Core i7,8GB,SSD: 512GB,28990000,28990000,https://www.thegioididong.com/laptop/lenovo-yoga-slim-7-14itl05-i7-82a300ldvn?src=osp,TheGioiDiDong
Asus,Laptop Asus ZenBook UX325EA i7 1165G7/16GB/512GB/Cáp/Túi/Win11 (KG658W),13.3,Intel Core i7,16GB,SSD: 512GB,29990000,28990000,https://www.thegioididong.com/laptop/asus-zenbook-ux325ea-i7-kg658w?src=osp,TheGioiDiDong
Acer,Laptop Acer Nitro 5 Gaming AN515 45 R86D R7 5800H/8GB/512GB/6GB RTX3060/144Hz/Win11 (NH.QBCSV.005),15.6,AMD Ryzen 7,8GB,SSD: 512GB,33990000,28890000,https://www.thegioididong.com/laptop/acer-nitro-5-gaming-an515-45-r86d-r7-nhqbcsv005?src=osp,TheGioiDiDong
Asus,Laptop Asus VivoBook Pro 14x OLED M7400QC R5 5600H/16GB/512GB/4GB RTX3050/90Hz/Win11 (KM013W),14,AMD Ryzen 5,16GB,SSD: 512GB,28990000,28490000,https://www.thegioididong.com/laptop/asus-vivobook-pro-14x-oled-m7400qc-r5-km013w?src=osp,TheGioiDiDong
HP,Laptop HP Envy x360 13 bd0528TU i7 1165G7/8GB/512GB/Touch/Pen/Win11 (4Y0Y3PA),13.3,Intel Core i5,8GB,SSD: 512GB,29990000,28490000,https://www.thegioididong.com/laptop/hp-envy-x360-13-bd0528tu-i7-4y0y3pa?src=osp,TheGioiDiDong
Asus,Laptop Asus ExpertBook B9400CEA i5 1135G7/8GB/512GB/Cáp/Túi/Win11 (KC1013W),14,Intel Core i5,8GB,SSD: 512GB,30490000,27990000,https://www.thegioididong.com/laptop/asus-expertbook-b9400cea-i5-kc1013w?src=osp,TheGioiDiDong
Gigabyte,Laptop Gigabyte Gaming G5 i5 10500H/16GB/512GB/6GB RTX3060/144Hz/Win11 (KC-5S11130SB),15.6,Intel Core i5,16GB,SSD: 512GB,29990000,27990000,https://www.thegioididong.com/laptop/gigabyte-gaming-g5-i5-kc5s11130sb?src=osp,TheGioiDiDong
Intel,Laptop Intel NUC M15 Kit i7 1165G7/16GB/512GB/Touch/Win10 (BBC710BCUXBC1),15.6,Intel Core i7,16GB,SSD: 512GB,37990000,27990000,https://www.thegioididong.com/laptop/intel-nuc-m15-i7-bbc710bcuxbc1?src=osp,TheGioiDiDong
Asus,Laptop Asus ZenBook UX425E i7 1165G7/16GB/512GB/Cáp/Túi/Win11 (KI843W),14,Intel Core i7,16GB,SSD: 512GB,28990000,27990000,https://www.thegioididong.com/laptop/asus-zenbook-ux425e-i7-ki843w?src=osp,TheGioiDiDong
Lenovo,Laptop Lenovo Yoga Slim 7 14ITL05 i7 1165G7/8GB/512GB/Win10 (82A300DQVN),14,Intel Core i7,8GB,SSD: 512GB,27990000,27990000,https://www.thegioididong.com/laptop/lenovo-yoga-slim-7-14itl05-i7-82a300dqvn?src=osp,TheGioiDiDong
HP,Laptop HP Envy 13 ba1535TU i7 1165G7/8GB/512GB/Win11 (4U6M4PA),13.3,Intel Core i7,8GB,SSD: 512GB,29390000,27890000,https://www.thegioididong.com/laptop/hp-envy-13-ba1535tu-i7-4u6m4pa?src=osp,TheGioiDiDong
Lenovo,Laptop Lenovo ThinkBook 14s Yoga ITL i7 1165G7/16GB/512GB/Touch/Pen/Win11 (20WE007MVN),14,Intel Core i7,16GB,SSD: 512GB,29890000,27890000,https://www.thegioididong.com/laptop/lenovo-thinkbook-14s-yoga-itl-i7-20we007mvn?src=osp,TheGioiDiDong
Asus,Laptop Asus VivoBook Pro 15 OLED K3500P i5 11300H/16GB/512GB/4GB RTX3050/Win11 (L1386W,15.6,Intel Core i5,16GB,SSD: 512GB,28590000,27590000,https://www.thegioididong.com/laptop/asus-vivobook-pro-15-oled-k3500p-i5-l1386w?src=osp,TheGioiDiDong
Dell,Laptop Dell Gaming G15 5511 i5 11400H/8GB/256GB/4GB RTX3050/120Hz/OfficeHS/Win11 (70266676),15.6,Intel Core i5,8GB,SSD: 256GB,27490000,27490000,https://www.thegioididong.com/laptop/dell-gaming-g15-5511-i5-70266676?src=osp,TheGioiDiDong
Asus,Laptop Asus VivoBook Pro 15 OLED M3500QC R5 5600H/16GB/512GB/4GB RTX3050/Win11 (L1388W),15.6,AMD Ryzen 5,16GB,SSD: 512GB,27590000,27090000,https://www.thegioididong.com/laptop/asus-vivobook-pro-15-oled-m3500qc-r5-l1388w?src=osp,TheGioiDiDong
MSI,Laptop MSI Katana Gaming GF66 11UC i7 11800H/8GB/512GB/4GB RTX3050/144Hz/Balo/Win10 (224VN),15.6,Intel Core i7,8GB,SSD: 512GB,29990000,26990000,https://www.thegioididong.com/laptop/msi-gf66-11uc-i7-224vn?src=osp,TheGioiDiDong
Lenovo,Laptop Lenovo Yoga Slim 7 Pro 14IHU5 i5 11300H/16GB/512GB/Win11 (82NH00AMVN),14,Intel Core i5,16GB,SSD: 512GB,26990000,26990000,https://www.thegioididong.com/laptop/lenovo-yoga-slim-7-pro-14ihu5-i5-82nh00amvn?src=osp,TheGioiDiDong
Lenovo,Laptop Lenovo ThinkBook 14s Yoga ITL i7 1165G7/8GB/512GB/Touch/Pen/Win11 (20WE007PVN),14,Intel Core i7,8GB,SSD: 512GB,28890000,26890000,https://www.thegioididong.com/laptop/lenovo-thinkbook-14s-yoga-itl-i7-20we007pvn?src=osp,TheGioiDiDong
MSI,Laptop MSI Gaming GF65 Thin 10UE i5 10500H/16GB/512GB/6GB RTX3060 Max-Q/144Hz/Balo/Win10 (286VN),15.6,Intel Core i5,16GB,SSD: 512GB,29490000,26540000,https://www.thegioididong.com/laptop/msi-gaming-gf65-thin-10ue-i5-286vn?src=osp,TheGioiDiDong
Lenovo,Laptop Lenovo Ideapad 5 Pro 14ITL6 i7 1165G7/16GB/512GB/2GB MX450/Win10 (82L30093VN),14,Intel Core i7,16GB,SSD: 512GB,28490000,26490000,https://www.thegioididong.com/laptop/lenovo-ideapad-5-pro-14itl6-i7-82l30093vn?src=osp,TheGioiDiDong
MSI,Laptop MSI Gaming GF63 Thin 11UD i7 11800H/8GB/512GB/4GB RTX3050Ti Max-Q/Balo/Chu?t/Win11 (648VN),15.6,Intel Core i7,8GB,SSD: 512GB,26490000,26490000,https://www.thegioididong.com/laptop/msi-gaming-gf63-thin-11ud-i7-648vn?src=osp,TheGioiDiDong
Asus,Laptop Asus Rog Zephyrus Gaming G14 GA401QH R7 5800HS/8GB/512GB/4GB GTX1650/120Hz/Túi/Win11 (K2091W),14,AMD Ryzen 7,8GB,SSD: 512GB,28990000,26490000,https://www.thegioididong.com/laptop/asus-rog-zephyrus-gaming-g14-ga401qh-r7-k2091w?src=osp,TheGioiDiDong
HP,Laptop HP Gaming VICTUS 16 d0199TX i7 11800H/8GB/32GB+512GB/4GB RTX3050/144Hz/Win11 (4R0U1PA),16.1,Intel Core i7,8GB,SSD: 512GB,30490000,26490000,https://www.thegioididong.com/laptop/hp-gaming-victus-16-d0199tx-i7-4r0u1pa?src=osp,TheGioiDiDong
Acer,Laptop Acer Nitro 5 Gaming AN515 57 5831 i5 11400H/8GB/512GB/6GB RTX3060/144Hz/Win10 (NH.QDGSV.003),15.6,Intel Core i5,8GB,SSD: 512GB,32990000,26390000,https://www.thegioididong.com/laptop/acer-nitro-5-gaming-an515-57-5831-i5-nhqdgsv003?src=osp,TheGioiDiDong
Acer,Laptop Acer Swift X SFX16 51G 516Q i5 11320H/16GB/512GB/4GB RTX3050/Win11 (NX.AYKSV.002),16.1,Intel Core i5,16GB,SSD: 512GB,28990000,26090000,https://www.thegioididong.com/laptop/acer-swift-x-sfx16-51g-516q-i5-nxayksv002?src=osp,TheGioiDiDong
Gigabyte,Laptop GIGABYTE Gaming G5 i5 10500H/16GB/512GB/6GB RTX3060/144Hz/Win10 (5S11130SH),15.6,Intel Core i5,16GB,SSD: 512GB,29990000,25990000,https://www.thegioididong.com/laptop/gigabyte-gaming-g5-i5-5s11130sh?src=osp,TheGioiDiDong
Lenovo,Laptop Lenovo IdeaPad 5 Pro 16IHU6 i5 11300H/16GB/512GB/2GB MX450/120Hz/Win11 (82L9004XVN),16,Intel Core i5,16GB,SSD: 512GB,27990000,25990000,https://www.thegioididong.com/laptop/lenovo-ideapad-5-pro-16ihu6-i5-82l9004xvn?src=osp,TheGioiDiDong
Asus,Laptop Asus TUF Gaming FX506HCB i5 11400H/8GB/512GB/4GB RTX3050/144Hz/Win10 (HN139T),15.6,Intel Core i5,8GB,SSD: 512GB,25990000,25990000,https://www.thegioididong.com/laptop/asus-tuf-gaming-fx506hcb-i5-hn139t?src=osp,TheGioiDiDong
Acer,Laptop Acer Nitro 5 Gaming AN515 57 720A i7 11800H/8GB/512GB/4GB RTX3050Ti/144Hz/Win11 (NH.QEQSV.004),15.6,Intel Core i7,8GB,SSD: 512GB,30490000,25910000,https://www.thegioididong.com/laptop/acer-nitro-5-gaming-an515-57-720a-i7-nhqeqsv004?src=osp,TheGioiDiDong
Microsoft,Laptop Surface Pro 7 i5 1035G4/8GB/256GB/Touch/Win10,12.3,Intel Core i5,8GB,SSD: 256GB,25390000,25390000,https://www.thegioididong.com/laptop/surface-pro-7-i5-puv00001?src=osp,TheGioiDiDong
Acer,Laptop Acer Nitro 5 Tiger AN515 58 52SP i5 12500H/8GB/512GB/4GB RTX3050/144Hz/Win11 (NH.QFHSV.001),15.6,Intel Core i5,8GB,SSD: 512GB,27990000,25190000,https://www.thegioididong.com/laptop/acer-nitro-5-tiger-an515-58-52sp-i5-nhqfhsv001?src=osp,TheGioiDiDong
Dell,Laptop Dell Vostro 3400 i7 1165G7/8GB/512GB/2GB MX330/Office H&S/Win11 (V4I7015W1),14,Intel Core i7,8GB,SSD: 512GB,25190000,25190000,https://www.thegioididong.com/laptop/dell-vostro-3400-i7-v4i7015w1?src=osp,TheGioiDiDong
MSI,Laptop MSI Prestige 14 A11SC i7 1195G7/16GB/512GB/4GB GTX1650 Max-Q/Win10 (202VN),14,Intel Core i7,16GB,SSD: 512GB,28990000,25090000,https://www.thegioididong.com/laptop/msi-prestige-14-a11sc-i7-202vn?src=osp,TheGioiDiDong
Apple,Laptop Apple MacBook Air M1 2020 8GB/256GB/7-core GPU (MGN63SA/A),13.3,Apple M1,8GB,SSD: 256GB,28490000,24990000,https://www.thegioididong.com/laptop/apple-macbook-air-2020-mgn63saa?src=osp,TheGioiDiDong
Asus,Laptop Asus ZenBook 14X OLED UM5401QA R5 5600H/8GB/512GB/90Hz/Touch/Pen/Cáp/Túi/Win11 (KN209W),14,AMD Ryzen 5,8GB,SSD: 512GB,25990000,24990000,https://www.thegioididong.com/laptop/asus-zenbook-14x-oled-um5401qa-r5-kn209w?src=osp,TheGioiDiDong
HP,Laptop HP Envy X360 13 bd0530TU i5 1135G7/8GB/512GB/Touch/Pen/Win11 (4Y0Y4PA),13.3,Intel Core i5,8GB,SSD: 512GB,26290000,24990000,https://www.thegioididong.com/laptop/hp-envy-x360-13-bd0530tu-i5-4y0y4pa?src=osp,TheGioiDiDong
Lenovo,Laptop Lenovo Yoga Slim 7 14ITL05 i5 1135G7/8GB/512GB/Win11 (82A300LAVN),14,Intel Core i5,8GB,SSD: 512GB,24990000,24990000,https://www.thegioididong.com/laptop/lenovo-yoga-slim-7-14itl05-i5-82a300lavn?src=osp,TheGioiDiDong
Asus,Laptop Asus ZenBook Flip UX363EA i5 1135G7/8GB/512GB/Touch/Pen/Cáp/Túi/Win11 (HP726W),13.3,Intel Core i5,8GB,SSD: 512GB,25990000,24990000,https://www.thegioididong.com/laptop/asus-zenbook-flip-ux363ea-i5-hp726w?src=osp,TheGioiDiDong
HP,Laptop HP Gaming VICTUS 16 d0200TX i7 11800H/8GB/32GB+512GB/4GB GTX1650/144Hz/Win11 (4R0U2PA),16.1,Intel Core i7,8GB,SSD: 512GB,28990000,24990000,https://www.thegioididong.com/laptop/hp-gaming-victus-16-d0200tx-i7-4r0u2pa?src=osp,TheGioiDiDong
HP,Laptop HP Gaming VICTUS 16 d0202TX i5 11400H/8GB/32GB+512GB/4GB RTX3050Ti/144Hz/Win11 (4R0U4PA),16.1,Intel Core i5,8GB,SSD: 512GB,28990000,24990000,https://www.thegioididong.com/laptop/hp-gaming-victus-16-d0202tx-i5-4r0u4pa?src=osp,TheGioiDiDong
Dell,Laptop Dell Gaming G15 5515 R5 5600H/16GB/512GB/4GB RTX3050/120Hz/OfficeHS/Win11 (P105F004DGR),15.6,AMD Ryzen 5,16GB,SSD: 512GB,28990000,24990000,https://www.thegioididong.com/laptop/dell-gaming-g15-5515-r5-p105f004dgr?src=osp,TheGioiDiDong
Lenovo,Laptop Lenovo ThinkBook 14s Yoga ITL i5 1135G7/16GB/512GB/Touch/Pen/Win11 (20WE007NVN),14,Intel Core i5,16GB,SSD: 512GB,26990000,24990000,https://www.thegioididong.com/laptop/lenovo-thinkbook-14s-yoga-itl-i5-20we007nvn?src=osp,TheGioiDiDong
Lenovo,Laptop Lenovo ThinkBook 14s G2 ITL i7 1165G7/8GB/512GB/Win11 (20VA003RVN),14,Intel Core i7,8GB,SSD: 512GB,26790000,24790000,https://www.thegioididong.com/laptop/lenovo-thinkbook-14s-g2-itl-i7-20va003rvn?src=osp,TheGioiDiDong
HP,Laptop HP Envy x360 Convert 13 ay1056AU R7 5800U/8GB/256GB/Touch/Pen/Win11 (601Q8PA),13.3,AMD Ryzen 7,8GB,SSD: 256GB,30290000,24760000,https://www.thegioididong.com/laptop/hp-envy-x360-convert-13-ay1056au-r7-601q8pa?src=osp,TheGioiDiDong
Acer,Laptop Acer Nitro 5 Gaming AN515 57 71VV i7 11800H/8GB/512GB/4GB RTX3050/144Hz/Win11 (NH.QENSV.005),15.6,Intel Core i7,8GB,SSD: 512GB,28990000,24640000,https://www.thegioididong.com/laptop/acer-nitro-5-gaming-an515-57-71vv-i7-nhqensv005?src=osp,TheGioiDiDong
Intel,Laptop Intel NUC M15 Kit i5 1135G7/16GB/512GB/Win10 (BBC510EAUXBC1),15.6,Intel Core i5,16GB,SSD: 512GB,34990000,24490000,https://www.thegioididong.com/laptop/intel-nuc-m15-i5-bbc510eauxbc1?src=osp,TheGioiDiDong
HP,Laptop HP Gaming VICTUS 16 e0179AX R5 5600H/8GB/512GB/4GB RTX3050Ti/144Hz/Win11 (4R0V0PA),16.1,AMD Ryzen 5,8GB,SSD: 512GB,26490000,24490000,https://www.thegioididong.com/laptop/hp-gaming-victus-16-e0179ax-r5-4r0v0pa?src=osp,TheGioiDiDong
MSI,Laptop MSI Katana GF76 11UC i7 11800H/8GB/512GB/4GB RTX3050/144Hz/Balo/Chu?t/Win10 (441VN),17.3,Intel Core i7,8GB,SSD: 512GB,26990000,24290000,https://www.thegioididong.com/laptop/msi-katana-gf76-11uc-i7-441vn?src=osp,TheGioiDiDong
Dell,Laptop Dell Inspiron 15 5515 R7 5700U/8GB/512GB/Office H&S/Win11 (N5R75700U104W1),15.6,AMD Ryzen 7,8GB,SSD: 512GB,24290000,24290000,https://www.thegioididong.com/laptop/dell-inspiron-15-5515-r7-n5r75700u104w1?src=osp,TheGioiDiDong
Dell,Laptop Dell Inspiron 14 5415 R7 5700U/8GB/512GB/Office H&S/Win11 (TX4H61),14,AMD Ryzen 7,8GB,SSD: 512GB,23990000,23990000,https://www.thegioididong.com/laptop/dell-inspiron-14-5415-r7-tx4h61?src=osp,TheGioiDiDong
Lenovo,Laptop Lenovo ThinkBook 14p G2 ACH R5 5600H/16GB/512GB/Win11 (20YN001FVN),14,AMD Ryzen 5,16GB,SSD: 512GB,25990000,23990000,https://www.thegioididong.com/laptop/lenovo-thinkbook-14p-g2-ach-r5-20yn001fvn?src=osp,TheGioiDiDong
Microsoft,Laptop Surface Pro 7 Plus i5 1135G7/8GB/128GB/Touch/Win11 (28B-00001),12.3,Intel Core i5,8GB,SSD: 128GB,23890000,23890000,https://www.thegioididong.com/laptop/surface-pro-7-plus-i5-28b00001?src=osp,TheGioiDiDong
HP,Laptop HP Pavilion x360 14 dy0075TU i7 1165G7/8GB/512GB/Touch/Pen/Win11 (46L93PA),14,Intel Core i7,8GB,SSD: 512GB,23690000,23690000,https://www.thegioididong.com/laptop/hp-pavilion-x360-14-dy0075tu-i7-46l93pa?src=osp,TheGioiDiDong
HP,Laptop HP Envy x360 Convert 13 ay1057AU R5 5600U/8GB/256GB/Touch/Pen/Win11 (601Q9PA),13.3,AMD Ryzen 5,8GB,SSD: 256GB,25990000,23690000,https://www.thegioididong.com/laptop/hp-envy-x360-convert-13-ay1057au-r5-601q9pa?src=osp,TheGioiDiDong
HP,Laptop HP Envy x360 13 bd0531TU i5 1135G7/8GB/256GB/Touch/Pen/Win11 (4Y1D1PA),13.3,Intel Core i5,8GB,SSD: 256GB,24990000,23690000,https://www.thegioididong.com/laptop/hp-envy-x360-13-bd0531tu-i5-4y1d1pa?src=osp,TheGioiDiDong
Asus,Laptop Asus TUF Gaming FX706HC i5 11400H/8GB/512GB/4GB RTX3050/144Hz/Win11 (HX105W),17.3,Intel Core i5,8GB,SSD: 512GB,25490000,23490000,https://www.thegioididong.com/laptop/asus-tuf-gaming-fx706hc-i5-hx105w?src=osp,TheGioiDiDong
MSI,Laptop MSI Gaming GF63 Thin 11UD i5 11400H/8GB/512GB/4GB RTX3050Ti Max-Q/Balo/Chu?t/Win11 (649VN),15.6,Intel Core i5,8GB,SSD: 512GB,23490000,23490000,https://www.thegioididong.com/laptop/msi-gaming-gf63-thin-11ud-i5-649vn?src=osp,TheGioiDiDong
Dell,Laptop Dell Vostro 5410 i5 11320H/8GB/512GB/Office H&S/Win11 (V4I5214W1),14,Intel Core i5,8GB,SSD: 512GB,23090000,23090000,https://www.thegioididong.com/laptop/dell-vostro-5410-i5-v4i5214w1?src=osp,TheGioiDiDong
HP,Laptop HP Gaming VICTUS 16 d0204TX i5 11400H/8GB/32GB+512GB/4GB RTX3050/144Hz/Win11 (4R0U5PA),16.1,Intel Core i5,8GB,SSD: 512GB,26990000,22990000,https://www.thegioididong.com/laptop/hp-gaming-victus-16-d0204tx-i5-4r0u5pa?src=osp,TheGioiDiDong
Dell,Laptop Dell Vostro 3510 i5 1135G7/8GB/512GB/2GB MX350/OfficeHS/Win11 (P112F002BBL),15.6,Intel Core i5,8GB,SSD: 512GB,22990000,22990000,https://www.thegioididong.com/laptop/dell-vostro-3510-i5-p112f002bbl?src=osp,TheGioiDiDong
Dell,Laptop Dell Inspiron 15 3511 i5 1135G7/8GB/512GB/2GB MX350/Office H&S/Win11 (70270650),15.6,Intel Core i5,8GB,SSD: 512GB,22990000,22990000,https://www.thegioididong.com/laptop/dell-inspiron-15-3511-i5-70270650?src=osp,TheGioiDiDong
HP,Laptop HP Pavilion 15 eg0504TU i7 1165G7/8GB/512GB/Win11 (46M00PA),15.6,Intel Core i7,8GB,SSD: 512GB,22990000,22990000,https://www.thegioididong.com/laptop/hp-pavilion-15-eg0504tu-i7-1165g7-46m00pa?src=osp,TheGioiDiDong
MSI,Laptop MSI Gaming GF63 Thin 11UC i5 11400H/8GB/512GB/4GB RTX3050/Balo/Chu?t/Win10 (445VN),15.6,Intel Core i5,8GB,SSD: 512GB,22990000,22690000,https://www.thegioididong.com/laptop/msi-gaming-gf63-thin-11uc-i5-445vn?src=osp,TheGioiDiDong
MSI,Laptop MSI Gaming GF63 Thin 10SC i7 10750H/8GB/512GB/4GB GTX1650 Max-Q/Win10 (813VN),15.6,Intel Core i7,8GB,SSD: 512GB,22990000,22690000,https://www.thegioididong.com/laptop/msi-gaming-gf63-thin-10sc-i7-813vn?src=osp,TheGioiDiDong
HP,Laptop HP Envy 13 ba1536TU i5 1135G7/8GB/512GB/Win11 (4U6M5PA),13.3,Intel Core i5,8GB,SSD: 512GB,23990000,22690000,https://www.thegioididong.com/laptop/hp-envy-13-ba1536tu-i5-4u6m5pa-win11?src=osp,TheGioiDiDong
Acer,Laptop Acer Nitro 5 Gaming AN515 57 553E i5 11400H/8GB/512GB/4GB RTX3050/144Hz/Win11 (NH.QENSV.006),15.6,Intel Core i5,8GB,SSD: 512GB,26490000,22510000,https://www.thegioididong.com/laptop/acer-nitro-5-gaming-an515-57-553e-i5-nhqensv006?src=osp,TheGioiDiDong
HP,Laptop HP Pavilion 14 dv0534TU i7 1165G7/8GB/512GB/Win11 (4P5G3PA),14,Intel Core i7,8GB,SSD: 512GB,22490000,22490000,https://www.thegioididong.com/laptop/hp-pavilion-14-dv0534tu-i7-4p5g3pa?src=osp,TheGioiDiDong
Asus,Laptop Asus ZenBook UX325EA i5 1135G7/8GB/512GB/Cáp/Túi/Win11 (KG656W),13.3,Intel Core i5,8GB,SSD: 512GB,23490000,22490000,https://www.thegioididong.com/laptop/asus-zenbook-ux325ea-i5-kg656w?src=osp,TheGioiDiDong
HP,Laptop HP Gaming VICTUS 16 e0175AX R5 5600H/8GB/512GB/4GB RTX3050/144Hz/Win11 (4R0U8PA),16.1,AMD Ryzen 5,8GB,SSD: 512GB,24490000,22490000,https://www.thegioididong.com/laptop/hp-gaming-victus-16-e0175ax-r5-4r0u8pa-win11?src=osp,TheGioiDiDong
Lenovo,Laptop Lenovo ThinkBook 14s G2 ITL i5 1135G7/8GB/512GBWin11 (20VA003NVN),14,Intel Core i5,8GB,SSD: 512GB,24290000,22290000,https://www.thegioididong.com/laptop/lenovo-thinkbook-14s-g2-itl-i5-20va003nvn?src=osp,TheGioiDiDong
Dell,Laptop Dell Latitude 3520 i5 1135G7/8GB/256GB/Win10 Pro (70251593),15.6,Intel Core i5,8GB,SSD: 256GB,24690000,22220000,https://www.thegioididong.com/laptop/dell-latitude-3520-i5-70251593?src=osp,TheGioiDiDong
Asus,Laptop Asus ZenBook UX425EA i5 1135G7/8GB/512GB/Cáp/Túi/Win11 (KI883W),14,Intel Core i5,8GB,SSD: 512GB,22990000,21990000,https://www.thegioididong.com/laptop/asus-zenbook-ux425ea-i5-ki883w?src=osp,TheGioiDiDong
Asus,Laptop Asus ZenBook UX425E i5 1135G7/8GB/512GB/Cáp/Túi/Win11 (KI749W),14,Intel Core i5,8GB,SSD: 512GB,22990000,21990000,https://www.thegioididong.com/laptop/asus-zenbook-ux425e-i5-ki749w?src=osp,TheGioiDiDong
Microsoft,Laptop Surface Pro 7 i5 1035G4/8GB/128GB/Touch/Win10,12.3,Intel Core i5,8GB,SSD: 128GB,21890000,21890000,https://www.thegioididong.com/laptop/surface-pro-7-i5-vdv00001?src=osp,TheGioiDiDong
Microsoft,Surface Laptop Go i5 1035G1/8GB/256GB/Touch/Win10 (THJ-00001),12.4,Intel Core i5,8GB,SSD: 256GB,21790000,21790000,https://www.thegioididong.com/laptop/surface-go-i5-thj00001?src=osp,TheGioiDiDong
HP,Laptop HP Envy 13 ba1537TU i5 1135G7/8GB/256GB/Win11 (4U6P0PA),13.3,Intel Core i5,8GB,SSD: 256GB,22890000,21590000,https://www.thegioididong.com/laptop/hp-envy-13-ba1537tu-i5-4u6p0pa?src=osp,TheGioiDiDong
Lenovo,Laptop Lenovo ThinkBook 14 G2 ITL i7 1165G7/8GB/512GB/Win10 (20VD003LVN),14,Intel Core i5,8GB,SSD: 512GB,23590000,21590000,https://www.thegioididong.com/laptop/lenovo-thinkbook-14-g2-itl-i7-20vd003lvn?src=osp,TheGioiDiDong
HP,Laptop HP Gaming VICTUS 16 d0298TX i5 11400H/8GB/512GB/4GB GTX1650/144Hz/Win11 (64V74PA),16.1,Intel Core i5,8GB,SSD: 512GB,25490000,21490000,https://www.thegioididong.com/laptop/hp-gaming-victus-16-d0298tx-i5-64v74pa?src=osp,TheGioiDiDong
Asus,Laptop Asus VivoBook Pro 14 OLED M3401QA R7 5800H/8GB//512GB/90Hz/Win10 (KM025T),14,AMD Ryzen 7,8GB,SSD: 512GB,21990000,21490000,https://www.thegioididong.com/laptop/asus-vivobook-pro-oled-m3401qa-r7-km025t?src=osp,TheGioiDiDong
Asus,Laptop Asus TUF Gaming FX506HC i5 11400H/8GB/512GB/4GB RTX3050/144Hz/Win11 (HN144W),15.6,Intel Core i5,8GB,SSD: 512GB,23990000,20990000,https://www.thegioididong.com/laptop/asus-tuf-gaming-fx506hc-i5-hn144w?src=osp,TheGioiDiDong
Lenovo,Laptop Lenovo IdeaPad Gaming 3 15IHU6 i5 11300H/8GB/512GB/4GB GTX1650/120Hz/Win11 (82K10178VN),15.6,Intel Core i5,8GB,SSD: 512GB,20990000,20990000,https://www.thegioididong.com/laptop/lenovo-ideapad-gaming-3-15ihu6-i5-82k10178vn?src=osp,TheGioiDiDong
MSI,Laptop MSI Modern 14 B11MOU i7 1195G7/8GB/512GB/Túi/Chu?t/Win10 (618VN),14,Intel Core i7,8GB,SSD: 512GB,21490000,20990000,https://www.thegioididong.com/laptop/msi-modern-14-b11mou-i7-618vn?src=osp,TheGioiDiDong
Dell,Laptop Dell Vostro 3510 i5 1135G7/8GB/512GB/Office H&S/Win11 (7T2YC2),15.6,Intel Core i5,8GB,SSD: 512GB,20990000,20990000,https://www.thegioididong.com/laptop/dell-vostro-3510-i5-7t2yc2?src=osp,TheGioiDiDong
MSI,Laptop MSI Modern 14 B11MOU i7 1195G7/8GB/512GB/Win11 (1032VN),14,Intel Core i7,8GB,SSD: 512GB,20990000,20990000,https://www.thegioididong.com/laptop/msi-modern-14-b11mou-i7-1032vn?src=osp,TheGioiDiDong
MSI,Laptop MSI Gaming GF63 Thin 10SC i5 10500H/8GB/512GB/4GB GTX1650 Max-Q/Win10 (805VN),15.6,Intel Core i5,8GB,SSD: 512GB,20990000,20990000,https://www.thegioididong.com/laptop/msi-gaming-gf63-thin-10sc-i5-805vn?src=osp,TheGioiDiDong
HP,Laptop HP Pavilion x360 14 dy0076TU i5 1135G7/8GB/512GB/Touch/Pen/Win11 (46L94PA),14,Intel Core i5,8GB,SSD: 512GB,20990000,20990000,https://www.thegioididong.com/laptop/hp-pavilion-x360-14-dy0076tu-i5-46l94pa?src=osp,TheGioiDiDong
Asus,Laptop Asus TUF Gaming FX506HCB i5 11400H/8GB/512GB/4GB RTX3050/144Hz/Win11 (HN144W),15.6,Intel Core i5,8GB,SSD: 512GB,23990000,20990000,https://www.thegioididong.com/laptop/asus-tuf-gaming-fx506hcb-i5-hn144w?src=osp,TheGioiDiDong
Acer,Laptop Acer Swift 3 SF314 511 55QE i5 1135G7/16GB/512GB/Win11 (NX.ABNSV.003),14,Intel Core i5,16GB,SSD: 512GB,22990000,20690000,https://www.thegioididong.com/laptop/acer-swift-3-sf314-511-55qe-i5-nxabnsv003?src=osp,TheGioiDiDong
MSI,Laptop MSI Modern 14 B11SBU i5 1155G7/8GB/512GB/2GB MX450/Túi/Chu?t/Win10 (669VN),14,Intel Core i5,8GB,SSD: 512GB,20490000,20490000,https://www.thegioididong.com/laptop/msi-gaming-modern-14-b11sbu-i5-669vn?src=osp,TheGioiDiDong
MSI,Laptop MSI Modern 14 B11MOU i7 1195G7/8GB/512GB/Túi/Chu?t/Win10 (847VN),14,Intel Core i7,8GB,SSD: 512GB,20990000,20490000,https://www.thegioididong.com/laptop/msi-modern-14-b11mou-i7-847vn?src=osp,TheGioiDiDong
HP,Laptop HP ProBook 440 G8 i5 1135G7/8GB/512GB/Win10 (51X10PA),14,Intel Core i5,8GB,SSD: 512GB,20990000,20490000,https://www.thegioididong.com/laptop/hp-probook-440-g8-i5-51x10pa?src=osp,TheGioiDiDong
MSI,Laptop MSI Gaming Bravo 15 B5DD R7 5800H/8GB/512GB/4GB RX5500M/Balo/Chu?t/Win11 (278VN),15.6,AMD Ryzen 7,8GB,SSD: 512GB,20490000,20490000,https://www.thegioididong.com/laptop/msi-gaming-bravo-15-b5dd-r7-278vn?src=osp,TheGioiDiDong
Asus,Laptop Asus VivoBook 14 OLED M3401QA R7 5800H/8GB/512GB/Win11 (KM025W),14,AMD Ryzen 7,8GB,SSD: 512GB,20990000,20490000,https://www.thegioididong.com/laptop/asus-vivobook-14-oled-m3401qa-r7-km025w?src=osp,TheGioiDiDong
HP,Laptop HP 14s dq2550TU i7 1165G7/8GB/512GB/Win11 (470D5PA),14,Intel Core i7,8GB,SSD: 512GB,21190000,20390000,https://www.thegioididong.com/laptop/hp-14s-dq2550tu-i7-470d5pa?src=osp,TheGioiDiDong
Asus,Laptop Asus VivoBook A515EP i5 1135G7/8GB/512GB/2GB MX330/Win11 (BN787W),15.6,Intel Core i5,8GB,SSD: 512GB,20790000,20290000,https://www.thegioididong.com/laptop/asus-vivobook-a515ep-i5-bn787w?src=osp,TheGioiDiDong
HP,Laptop HP 15s fq2556TU i7 1165G7/8GB/512GB/Win11 (46M24PA),15.6,Intel Core i7,8GB,SSD: 512GB,20290000,20290000,https://www.thegioididong.com/laptop/hp-15s-fq2556tu-i7-1165g7-46m24pa?src=osp,TheGioiDiDong
HP,Laptop HP Pavilion 15 eg0505TX i5 1135G7/8GB/512GB/2GB MX450/Win11 (46M03PA),15.6,Intel Core i5,8GB,SSD: 512GB,20990000,20190000,https://www.thegioididong.com/laptop/hp-pavilion-15-eg0505tx-i5-46m03pa?src=osp,TheGioiDiDong
Dell,Laptop Dell Inspiron 15 3511 i5 1135G7/4GB/512GB/OfficeHS/Win11 (P112F001DBL),15.6,Intel Core i5,4GB,SSD: 512GB,19990000,19990000,https://www.thegioididong.com/laptop/dell-inspiron-15-3511-i5-p112f001dbl?src=osp,TheGioiDiDong
Asus,Laptop Asus VivoBook Flip 14 R7 TM420UA 5700U/8GB/512GB/Touch/Pen/Win11 (EC182W),14,AMD Ryzen 7,8GB,SSD: 512GB,19990000,19990000,https://www.thegioididong.com/laptop/asus-vivobook-flip-14-tm420ua-r7-ec182w?src=osp,TheGioiDiDong
HP,Laptop HP Pavilion 14 dv0535TU i5 1135G7/8GB/32GB+512GB/Win11 (4P5G4PA),14,Intel Core i5,8GB,SSD: 512GB,19790000,19790000,https://www.thegioididong.com/laptop/hp-pavilion-14-dv0535tu-i5-4p5g4pa-win11?src=osp,TheGioiDiDong
HP,Laptop HP 15s du3589TU i7 1165G7/8GB/512GB/Win11 (63P85PA),15.6,Intel Core i7,8GB,SSD: 512GB,19690000,19690000,https://www.thegioididong.com/laptop/hp-15s-du3589tu-i7-63p85pa?src=osp,TheGioiDiDong
Asus,Laptop Asus VivoBook Flip 14 TP470EA i5 1135G7/8GB/512GB/Touch/Pen/Win11 (EC347W),14,Intel Core i5,8GB,SSD: 512GB,20090000,19590000,https://www.thegioididong.com/laptop/asus-vivobook-tp470ea-i5-ec347w?src=osp,TheGioiDiDong
Dell,Laptop Dell Inspiron 15 3515 R5 3450U/8GB/256GB/Office H&S/Win11 (G6GR72),15.6,AMD Ryzen 5,8GB,SSD: 256GB,19490000,19490000,https://www.thegioididong.com/laptop/dell-inspiron-15-3515-r5-g6gr72?src=osp,TheGioiDiDong
Lenovo,Laptop Lenovo ThinkBook 15 G2 ITL i5 1135G7/8GB/512GB/Win11 (20VE00UNVN),15.6,Intel Core i5,8GB,SSD: 512GB,21390000,19390000,https://www.thegioididong.com/laptop/lenovo-thinkbook-15-g2-itl-i5-20ve00unvn?src=osp,TheGioiDiDong
HP,Laptop HP Pavilion 15 eg0505TU i5 1135G7/8GB/512GB/Win11 (46M02PA),15.6,Intel Core i5,8GB,SSD: 512GB,18990000,18990000,https://www.thegioididong.com/laptop/hp-pavilion-15-eg0505tu-i5-win11-46m02pa?src=osp,TheGioiDiDong
MSI,Laptop MSI Modern 15 A5M R7 5700U/8GB/512GB/Túi/Chu?t/Win11 (237VN),15.6,AMD Ryzen 7,8GB,SSD: 512GB,18990000,18990000,https://www.thegioididong.com/laptop/msi-modern-15-a5m-r7-237vn?src=osp,TheGioiDiDong
Asus,Laptop Asus VivoBook X515EP i7 1165G7/8GB/512GB/2GB MX330/Win11 (EJ449W),15.6,Intel Core i7,8GB,SSD: 512GB,19490000,18990000,https://www.thegioididong.com/laptop/asus-vivobook-x515ep-i7-ej449w?src=osp,TheGioiDiDong
Dell,Laptop Dell Vostro 3400 i5 1135G7/8GB/256GB/OfficeHS/Win11 (70270645),14,Intel Core i5,8GB,SSD: 256GB,18890000,18890000,https://www.thegioididong.com/laptop/dell-vostro-3400-i5-70270645?src=osp,TheGioiDiDong
Acer,Laptop Acer TravelMate TMP215 53 50CP i5 1135G7/8GB/512GB/Win10 Pro (NX.VPRSV.01Y),15.6,Intel Core i5,8GB,SSD: 512GB,23290000,18630000,https://www.thegioididong.com/laptop/acer-travelmate-tmp215-53-50cp-i5-nxvprsv01y?src=osp,TheGioiDiDong
MSI,Laptop MSI Gaming Bravo 15 B5DD R5 5600H/8GB/512GB/4GB RX5500M/Balo/Chu?t/Win11 (279VN),15.6,AMD Ryzen 5,8GB,SSD: 512GB,18490000,18490000,https://www.thegioididong.com/laptop/msi-gaming-bravo-15-b5dd-r5-279vn?src=osp,TheGioiDiDong
Asus,Laptop Asus VivoBook X515EP i5 1135G7/8GB/512GB/2GB MX330/Win10 (BQ186T),15.6,Intel Core i5,8GB,SSD: 512GB,18990000,18490000,https://www.thegioididong.com/laptop/asus-vivobook-x515ep-i5-1135g7-8gb-512gb?src=osp,TheGioiDiDong
Asus,Laptop Asus VivoBook S533EQ i5 1135G7/8GB/512GB/2GB MX350/Win11 (BN441W),15.6,Intel Core i5,8GB,SSD: 512GB,19490000,18490000,https://www.thegioididong.com/laptop/asus-vivobook-s533eq-i5-bn441w?src=osp,TheGioiDiDong
Asus,Laptop Asus VivoBook Pro 14 OLED M3401QA R5 5600H/8GB/512GB/90Hz/Win11 (KM006W),14,AMD Ryzen 5,8GB,SSD: 512GB,18990000,18490000,https://www.thegioididong.com/laptop/asus-vivobook-pro-oled-m3401qa-r5-km006w?src=osp,TheGioiDiDong
Dell,Laptop Dell Vostro 5515 R3 5300U/8GB/256GB/Office H&S/Win11 (70270649),15.6,AMD Ryzen 3,8GB,SSD: 256GB,18390000,18390000,https://www.thegioididong.com/laptop/dell-vostro-5515-r3-70270649?src=osp,TheGioiDiDong
Acer,Laptop Acer Aspire 7 Gaming A715 42G R05G R5 5500U/8GB/512GB/4GB GTX1650/144Hz/Win11 (NH.QAYSV.007),15.6,AMD Ryzen 5,8GB,SSD: 512GB,21990000,18290000,https://www.thegioididong.com/laptop/acer-aspire-7-gaming-a715-42g-r05g-r5-nhqaysv007?src=osp,TheGioiDiDong
Acer,Laptop Acer Aspire 7 Gaming A715 75G 58U4 i5 10300H/8GB/512GB/4GB GTX1650/Win11 (NH.Q97SV.004),15.6,Intel Core i5,8GB,SSD: 512GB,21990000,18290000,https://www.thegioididong.com/laptop/acer-aspire-7-gaming-a715-75g-58u4-i5-nhq97sv004?src=osp,TheGioiDiDong
HP,Laptop HP 240 G8 i5 1135G7/8GB/512GB/Win10 (518V7PA),14,Intel Core i5,8GB,SSD: 512GB,18490000,18190000,https://www.thegioididong.com/laptop/hp-240-g8-i5-518v7pa?src=osp,TheGioiDiDong
HP,Laptop HP 15s fq2559TU i5 1135G7/8GB/512GB/Win10 (46M27PA),15.6,Intel Core i5,8GB,SSD: 512GB,18190000,18190000,https://www.thegioididong.com/laptop/hp-15s-fq2559tu-i5-46m27pa?src=osp,TheGioiDiDong
Acer,Laptop Acer Aspire 7 Gaming A715 42G R4XX R5 5500U/8GB/256GB/4GB GTX1650/Win11 (NH.QAYSV.008),15.6,AMD Ryzen 5,8GB,SSD: 256GB,19990000,17990000,https://www.thegioididong.com/laptop/acer-aspire-7-gaming-a715-42g-r4xx-r5-nhqaysv008?src=osp,TheGioiDiDong
Asus,Laptop Asus TUF Gaming FX506LHB i5 10300H/8GB/512GB/4GB GTX1650/144Hz/Win11 (HN188W),15.6,Intel Core i5,8GB,SSD: 512GB,20990000,17990000,https://www.thegioididong.com/laptop/asus-tuf-gaming-fx506lhb-i5-hn188w?src=osp,TheGioiDiDong
Asus,Laptop Asus VivoBook A515EA OLED i5 1135G7/8GB/512GB/Win11 (L12032W),15.6,Intel Core i5,8GB,SSD: 512GB,18490000,17990000,https://www.thegioididong.com/laptop/asus-vivobook-a515ea-oled-i5-l12032w?src=osp,TheGioiDiDong
Microsoft,Surface Laptop Go i5 1035G1/8GB/128GB/Touch/Win10,12.4,Intel Core i5,8GB,SSD: 128GB,17990000,17990000,https://www.thegioididong.com/laptop/surface-go-i5-thh00001?src=osp,TheGioiDiDong
Asus,Laptop Asus ExpertBook B1400CEAE i5 1135G7/8GB/512GB/Win11 (EB3182W),14,Intel Core i5,8GB,SSD: 512GB,18990000,17990000,https://www.thegioididong.com/laptop/asus-expertbook-b1400ceae-i5-eb3182w?src=osp,TheGioiDiDong
HP,Laptop HP Pavilion 15 eg0507TU i5 1135G7/8GB/256GB/Win11 (46M06PA),15.6,Intel Core i5,8GB,SSD: 256GB,17990000,17990000,https://www.thegioididong.com/laptop/hp-pavilion-15-eg0507tu-i5-46m06pa-win11?src=osp,TheGioiDiDong
Asus,Laptop Asus VivoBook X515EA i7 1165G7/8GB/512GB/Win11 (EJ1918W),15.6,Intel Core i7,8GB,SSD: 512GB,18490000,17990000,https://www.thegioididong.com/laptop/asus-vivobook-x515ea-i7-ej1918w?src=osp,TheGioiDiDong
Dell,Laptop Dell Vostro 3405 R5 3500U/8GB/512GB/Office H&S/Win11 (V4R53500U003W1),14,AMD Ryzen 5,8GB,SSD: 512GB,17990000,17990000,https://www.thegioididong.com/laptop/dell-vostro-3405-r5-v4r53500u003w1?src=osp,TheGioiDiDong
Asus,Laptop Asus ExpertBook B1500CEAE i5 1135G7/8GB/512GB/Win11 (BQ2234W),15.6,Intel Core i5,8GB,SSD: 512GB,18990000,17990000,https://www.thegioididong.com/laptop/asus-expertbook-b1500ceae-i5-bq2234w?src=osp,TheGioiDiDong
Asus,Laptop Asus ExpertBook B1400CEAE i5 1135G7/8GB/512GB/Win10 (EK4035T),14,Intel Core i5,8GB,SSD: 512GB,18890000,17890000,https://www.thegioididong.com/laptop/asus-expertbook-b1400ceae-i5-ek4035t?src=osp,TheGioiDiDong
HP,Laptop HP Pavilion 14 dv0513TU i5 1135G7/8GB/256GB/Win11 (46L82PA),14,Intel Core i5,8GB,SSD: 256GB,17890000,17890000,https://www.thegioididong.com/laptop/hp-pavilion-14-dv0513tu-i5-46l82pa?src=osp,TheGioiDiDong
MSI,Laptop MSI Modern 15 A11MU i5 1155G7/8GB/512GB/Túi/Chu?t/Win10 (680VN),15.6,Intel Core i5,8GB,SSD: 512GB,17990000,17690000,https://www.thegioididong.com/laptop/msi-modern-15-a11mu-i5-680vn?src=osp,TheGioiDiDong
Asus,Laptop Asus VivoBook X415EA i5 1135G7/8GB/512GB/Win10 (EB637T),14,Intel Core i5,8GB,SSD: 512GB,17590000,17590000,https://www.thegioididong.com/laptop/asus-vivobook-x415ea-i5-eb637t?src=osp,TheGioiDiDong
Asus,Laptop Asus VivoBook S533EA i5 1135G7/8GB/512GB/Win10 (BN293T),15.6,Intel Core i5,8GB,SSD: 512GB,18490000,17490000,https://www.thegioididong.com/laptop/asus-s533ea-i5-bn293t?src=osp,TheGioiDiDong
Asus,Laptop Asus VivoBook S433EA i5 1135G7/8GB/512GB/Win11 (AM2307W),14,Intel Core i5,8GB,SSD: 512GB,18490000,17490000,https://www.thegioididong.com/laptop/asus-vivobook-s433ea-i5-am2307w?src=osp,TheGioiDiDong
Asus,Laptop Asus VivoBook S533EA i5 1135G7/8GB/512GB/Win11 (BN462W),15.6,Intel Core i5,8GB,SSD: 512GB,18490000,17490000,https://www.thegioididong.com/laptop/asus-vivobook-s533ea-i5-bn462w?src=osp,TheGioiDiDong
HP,Laptop HP 340s G7 i5 1035G1/8GB/512GB/Win10 (36A35PA),14,Intel Core i5,8GB,SSD: 512GB,18290000,17290000,https://www.thegioididong.com/laptop/hp-340s-g7-i5-36a35pa?src=osp,TheGioiDiDong
HP,Laptop HP 240 G8 i5 1135G7/8GB/256GB/Win10 (518V6PA),14,Intel Core i5,8GB,SSD: 256GB,17490000,17190000,https://www.thegioididong.com/laptop/hp-240-g8-i5-518v6pa?src=osp,TheGioiDiDong
Asus,Laptop Asus Vivobook 15 X1502ZA i5 1240P/8GB/512GB/Win11 (EJ120W),15.6,Intel Core i5,8GB,SSD: 512GB,17990000,17190000,https://www.thegioididong.com/laptop/asus-vivobook-15-x1502za-i5-ej120w?src=osp,TheGioiDiDong
HP,Laptop HP 14s fq1065AU R5 5500U/8GB/512GB/Win11 (4K0Z5PA),14,AMD Ryzen 5,8GB,SSD: 512GB,17890000,17090000,https://www.thegioididong.com/laptop/hp-14s-fq1065au-r5-4k0z5pa-win11?src=osp,TheGioiDiDong
Asus,Laptop Asus VivoBook A415EA i5 1135G7/8GB/512GB/Win11 (AM1637W),14,Intel Core i5,8GB,SSD: 512GB,17490000,16990000,https://www.thegioididong.com/laptop/asus-vivobook-a415ea-i5-am1637w?src=osp,TheGioiDiDong
HP,Laptop HP Pavilion X360 14 dy0171TU i3 1125G4/4GB/512GB/Touch/Win11 (4Y1D6PA),14,Intel Core i3,4GB,SSD: 512GB,17690000,16990000,https://www.thegioididong.com/laptop/hp-pavilion-x360-14-dy0171tu-i3-4y1d6pa?src=osp,TheGioiDiDong
Asus,Laptop Asus VivoBook X515EP i5 1135G7/8GB/512GB/2GB MX330/Win11 (BQ400W),15.6,Intel Core i5,8GB,SSD: 512GB,17490000,16990000,https://www.thegioididong.com/laptop/asus-vivobook-x515ep-i5-bq400w?src=osp,TheGioiDiDong
MSI,Laptop MSI Modern 15 A5M R5 5500U/8GB/512GB/Túi/Chu?t/Win11 (236VN),15.6,AMD Ryzen 5,8GB,SSD: 512GB,16990000,16990000,https://www.thegioididong.com/laptop/msi-modern-15-a5m-r5-236vn?src=osp,TheGioiDiDong
HP,Laptop HP 14s fq1066AU R5 5500U/8GB/256GB/Win11 (4K0Z6PA),14,AMD Ryzen 5,8GB,SSD: 256GB,16890000,16590000,https://www.thegioididong.com/laptop/hp-14s-fq1066au-r5-4k0z6pa?src=osp,TheGioiDiDong
Lenovo,Laptop Lenovo V15 G2 ITL i5 1135G7/8GB/512GB/Win11 (82KB00R5VN),15.6,Intel Core i5,8GB,SSD: 512GB,16890000,16890000,https://www.thegioididong.com/laptop/lenovo-v15-g2-itl-i5-82kb00r5vn?src=osp,TheGioiDiDong
Acer,Laptop Acer Aspire A514 54 511G i5 1135G7/8GB/1TB SSD/Win11 (NX.A28SV.009),14,Intel Core i5,8GB,SSD: 1TB,19990000,17990000,https://www.thegioididong.com/laptop/acer-aspire-a514-54-511g-i5-nxa28sv009?src=osp,TheGioiDiDong
MSI,Laptop MSI Modern 14 B5M R5 5500U/8GB/512GB/Túi/Chu?t/Win11 (203VN),14,AMD Ryzen 5,8GB,SSD: 512GB,15990000,15990000,https://www.thegioididong.com/laptop/msi-modern-14-b5m-r5-203vn?src=osp,TheGioiDiDong
Lenovo,Laptop Lenovo IdeaPad 3 14ITL6 i5 1135G7/8GB/512GB/Win11 (82H700WAVN),14,Intel Core i5,8GB,SSD: 512GB,17990000,15990000,https://www.thegioididong.com/laptop/lenovo-ideapad-3-14itl6-i5-82h700wavn?src=osp,TheGioiDiDong
Chuwi,Laptop CHUWI CoreBook X i5 8259U/16GB/512GB/Win10,14,Intel Core i5,16GB,SSD: 512GB,15490000,15490000,https://www.thegioididong.com/laptop/chuwi-corebook-x-i5-8259u?src=osp,TheGioiDiDong
Asus,Laptop Asus VivoBook Flip TP470EA i3 1115G4/4GB/512GB/Touch/Pen/Win10 (EC027T),14,Intel Core i3,4GB,SSD: 512GB,15990000,15990000,https://www.thegioididong.com/laptop/asus-vivobook-flip-tp470ea-i3-ec027t?src=osp,TheGioiDiDong
Acer,Laptop Acer Aspire 3 A315 58 59LY i5 1135G7/8GB/512GB/Win11 (NX.ADDSV.00G),15.6,Intel Core i5,8GB,SSD: 512GB,16990000,15290000,https://www.thegioididong.com/laptop/acer-aspire-3-a315-58-59ly-i5-nxaddsv00g?src=osp,TheGioiDiDong
Acer,Laptop Acer Aspire 3 A315 57G 573F i5 1035G1/8GB/512GB/2GB MX330/Win11 (NX.HZRSV.00B),15.6,Intel Core i5,8GB,SSD: 512GB,16990000,15290000,https://www.thegioididong.com/laptop/acer-aspire-3-a315-57g-573f-i5-nxhzrsv00b?src=osp,TheGioiDiDong
HP,Laptop HP Pavilion 15 eg0541TU i3 1125G4/4GB/512GB/Win11 (4P5G8PA),15.6,Intel Core i3,4GB,SSD: 512GB,15790000,15490000,https://www.thegioididong.com/laptop/hp-pavilion-15-eg0541tu-i3-4p5g8pa?src=osp,TheGioiDiDong
Asus,Laptop Asus VivoBook X415EA i5 1135G7/8GB/512GB/Win11 (EB637W),14,Intel Core i5,8GB,SSD: 512GB,15790000,15790000,https://www.thegioididong.com/laptop/asus-vivobook-x415ea-i5-eb637w?src=osp,TheGioiDiDong
HP,Laptop HP Pavilion 14 dv0514TU i3 1125G4/4GB/512GB/Win11 (46L83PA),14,Intel Core i3,4GB,SSD: 512GB,15490000,15190000,https://www.thegioididong.com/laptop/hp-pavilion-14-dv0514tu-i3-win11-46l83pa?src=osp,TheGioiDiDong
Asus,Laptop Asus VivoBook A515EA i3 1115G4/8GB/512GB/Win11 (BN1624W),15.6,Intel Core i3,8GB,SSD: 512GB,15490000,15490000,https://www.thegioididong.com/laptop/asus-vivobook-a515ea-i3-bn1624w?src=osp,TheGioiDiDong
Asus,Laptop Asus VivoBook A515EA i3 1115G4/8GB/512GB/Win11 (BQ3014W),15.6,Intel Core i3,8GB,SSD: 512GB,15490000,15490000,https://www.thegioididong.com/laptop/asus-vivobook-a515ea-i3-bq3014w?src=osp,TheGioiDiDong
Acer,Laptop Acer Aspire A514 54 5127 i5 1135G7/8GB/512GB/Win11 (NX.A28SV.007),14,Intel Core i5,8GB,SSD: 512GB,18490000,16640000,https://www.thegioididong.com/laptop/acer-aspire-a514-54-5127-i5-nxa28sv007?src=osp,TheGioiDiDong
HP,Laptop HP 245 G8 R5 5500U/8GB/256GB/Win11 (61C65PA),14,AMD Ryzen 5,8GB,SSD: 256GB,16790000,14690000,https://www.thegioididong.com/laptop/hp-245-g8-r5-61c65pa?src=osp,TheGioiDiDong
HP,Laptop HP Probook 450 G8 i3 1115G4/4GB/256GB/15.6/Win10 (2H0U4PA),15.6,Intel Core i3,4GB,SSD: 256GB,14890000,14390000,https://www.thegioididong.com/laptop/hp-probook-450-g8-i3-2h0u4pa?src=osp,TheGioiDiDong
HP,Laptop HP Pavilion 15 eg0542TU i3 1125G4/4GB/256GB/Win11 (4P5G9PA),15.6,Intel Core i3,4GB,SSD: 256GB,14890000,14590000,https://www.thegioididong.com/laptop/hp-pavilion-15-eg0542tu-i3-4p5g9pa?src=osp,TheGioiDiDong
Asus,Laptop Asus VivoBook A415EA i3 1115G4/8GB/512GB/Win11 (AM2428W),14,Intel Core i3,8GB,SSD: 512GB,14690000,14190000,https://www.thegioididong.com/laptop/asus-vivobook-a415ea-i3-am2428w?src=osp,TheGioiDiDong
HP,Laptop HP Pavilion X360 14 dy0161TU i3 1125G4/4GB/512GB/Touch/Win11 (4Y1D2PA),14,Intel Core i3,4GB,SSD: 512GB,16790000,14710000,https://www.thegioididong.com/laptop/hp-pavilion-x360-14-dy0161tu-i3-4y1d2pa?src=osp,TheGioiDiDong
HP,Laptop HP Pavilion 14 dv0516TU i3 1125G4/4GB/256GB/Win11 (46L88PA),14,Intel Core i3,4GB,SSD: 256GB,14590000,14290000,https://www.thegioididong.com/laptop/hp-pavilion-14-dv0516tu-i3-win11-46l88pa?src=osp,TheGioiDiDong
HP,Laptop HP Pavilion 14 dv0520TU i3 1125G4/4GB/256GB/Win11 (46L92PA),14,Intel Core i3,4GB,SSD: 256GB,14590000,14290000,https://www.thegioididong.com/laptop/hp-pavilion-14-dv0520tu-i3-win11-46l92pa?src=osp,TheGioiDiDong
Asus,Laptop Asus VivoBook Flip 14 TP470EA i3 1115G4/4GB/512GB/Touch/Pen/Win11 (EC346W),14,Intel Core i3,4GB,SSD: 512GB,14990000,14490000,https://www.thegioididong.com/laptop/asus-vivobook-tp470ea-i3-ec346w?src=osp,TheGioiDiDong
Asus,Laptop Asus VivoBook A415EA i3 1125G4/8GB/512GB/Win11 (EB1748W),14,Intel Core i3,8GB,SSD: 512GB,14490000,14490000,https://www.thegioididong.com/laptop/asus-vivobook-a415ea-i3-eb1748w?src=osp,TheGioiDiDong
HP,Laptop HP Pavilion X360 14 dy0172TU i3 1125G4/4GB/256GB/Touch/Win11 (4Y1D7PA),14,Intel Core i3,4GB,SSD: 256GB,15890000,13900000,https://www.thegioididong.com/laptop/hp-pavilion-x360-14-dy0172tu-i3-4y1d7pa?src=osp,TheGioiDiDong
HP,Laptop HP 340s G7 i3 1005G1/4GB/512GB/Win10 (224L1PA),14,Intel Core i3,4GB,SSD: 512GB,13890000,13590000,https://www.thegioididong.com/laptop/hp-340s-g7-i3-224l1pa?src=osp,TheGioiDiDong
MSI,Laptop MSI Modern 14 B11MOU i3 1115G4/8GB/256GB/Win11 (1027VN),14,Intel Core i3,8GB,SSD: 256GB,13790000,13490000,https://www.thegioididong.com/laptop/msi-modern-14-b11mou-i3-1027vn?src=osp,TheGioiDiDong
MSI,Laptop MSI Modern 14 B11MOU i3 1115G4/8GB/256GB/Win11 (1027VN),14,Intel Core i3,8GB,SSD: 256GB,13790000,13490000,https://www.thegioididong.com/laptop/msi-modern-14-b11mou-i3-1027vn?src=osp,TheGioiDiDong
HP,Laptop HP 240 G8 i3 1005G1/4GB/512GB/Win10 (519A8PA),14,Intel Core i3,4GB,SSD: 512GB,13790000,13490000,https://www.thegioididong.com/laptop/hp-240-g8-i3-519a8pa?src=osp,TheGioiDiDong
Dell,Laptop Dell Vostro 3400 i3 1115G4/8GB/256GB/Office H&S/Win11 (70270644),14,Intel Core i3,8GB,SSD: 256GB,12990000,12990000,https://www.thegioididong.com/laptop/dell-vostro-3400-i3-70270644?src=osp,TheGioiDiDong
Dell,Laptop Dell Vostro 3510 i3 1115G4/8GB/256GB/Office H&S/Win11 (V5I3305W),15.6,Intel Core i3,8GB,SSD: 256GB,12990000,12990000,https://www.thegioididong.com/laptop/dell-vostro-3510-i3-v5i3305w?src=osp,TheGioiDiDong
Lenovo,Laptop Lenovo IdeaPad 3 14ITL6 I3 1115G4/8GB/512GB/Win11 (82H700VAVN),14,Intel Core i3,8GB,SSD: 512GB,14990000,12990000,https://www.thegioididong.com/laptop/lenovo-ideapad-3-14itl6-i3-82h700vavn?src=osp,TheGioiDiDong
Asus,Laptop Asus VivoBook X515EA i3 1115G4/8GB/256GB/Win11 (BR2046W),15.6,Intel Core i3,8GB,SSD: 256GB,12990000,12990000,https://www.thegioididong.com/laptop/asus-vivobook-x515ea-i3-br2046w?src=osp,TheGioiDiDong
Chuwi,Laptop CHUWI LarkBook X N5100/8GB/256GB/Win10,14,Intel Celeron,8GB,SSD: 256GB,12790000,12790000,https://www.thegioididong.com/laptop/chuwi-larkbook-x-n5100?src=osp,TheGioiDiDong
Itel,Laptop itel SPIRIT 1 i5 8259U/8GB/256GB/Win11 (71006300036),15.6,Intel Core i5,8GB,SSD: 256GB,14690000,14690000,https://www.thegioididong.com/laptop/itel-spirit-1-i5-71006300036?src=osp,TheGioiDiDong
HP,Laptop HP 15s du1108TU i3 10110U/4GB/256GB/Win11 (2Z6L7PA),15.6,Intel Core i3,4GB,SSD: 256GB,12690000,12690000,https://www.thegioididong.com/laptop/hp-15s-du1108tu-i3-10110u-2z6l7pa?src=osp,TheGioiDiDong
Dell,Laptop Dell Inspiron 15 3511 i3 1115G4/4GB/256GB/Office H&S/Win11 (P112F001CBL),15.6,Intel Core i3,4GB,SSD: 256GB,12690000,12690000,https://www.thegioididong.com/laptop/dell-inspiron-15-3511-i3-p112f001cbl?src=osp,TheGioiDiDong
Asus,Laptop Asus VivoBook X515EA i3 1115G4/8GB/256GB/Win11 (BQ1415W),15.6,Intel Core i3,8GB,SSD: 256GB,13290000,12790000,https://www.thegioididong.com/laptop/asus-vivobook-x515ea-i3-bq1415w?src=osp,TheGioiDiDong
HP,Laptop HP 240 G8 i3 1005G1/4GB/512GB/Win10 (519A5PA),14,Intel Core i3,4GB,SSD: 512GB,12990000,12690000,https://www.thegioididong.com/laptop/hp-240-g8-i3-519a5pa?src=osp,TheGioiDiDong
HP,Laptop HP 240 G8 i3 1005G1/4GB/256GB/Win10 (519A7PA),14,Intel Core i3,4GB,SSD: 256GB,12690000,12390000,https://www.thegioididong.com/laptop/hp-240-g8-i3-519a7pa?src=osp,TheGioiDiDong
HP,Laptop HP 14s cf2527TU i3 10110U/4GB/256GB/Win11 (4K4A1PA),14,Intel Core i3,4GB,SSD: 256GB,12490000,12190000,https://www.thegioididong.com/laptop/hp-14s-cf2527tu-i3-4k4a1pa?src=osp,TheGioiDiDong
Acer,Laptop Acer Aspire A315 57G 32QP i3 1005G1/4GB/256GB/2GB MX330/Win11 (NX.HZRSV.00A),15.6,Intel Core i3,4GB,SSD: 256GB,13490000,12140000,https://www.thegioididong.com/laptop/acer-aprise-a315-57g-32qp-i3-nxhzrsv00a?src=osp,TheGioiDiDong
HP,Laptop HP 14s fq1080AU R3 5300U/4GB/256GB/Win10 (4K0Z7PA),14,AMD Ryzen 3,4GB,SSD: 256GB,12490000,12190000,https://www.thegioididong.com/laptop/hp-14s-fq1080au-r3-4k0z7pa?src=osp,TheGioiDiDong
HP,Laptop HP 14s fq1080AU R3 5300U/4GB/256GB/Win11 (4K0Z7PA),14,AMD Ryzen 3,4GB,SSD: 256GB,12490000,12190000,https://www.thegioididong.com/laptop/hp-14s-fq1080au-r3-4k0z7pa-win11?src=osp,TheGioiDiDong
HP,Laptop HP 340s G7 i3 1005G1/4GB/256GB/Win10 (240Q4PA),14,Intel Core i3,4GB,SSD: 256GB,12990000,11990000,https://www.thegioididong.com/laptop/hp-340s-g7-i3-240q4pa?src=osp,TheGioiDiDong
Asus,Laptop Asus VivoBook X415EA i3 1115G4/4GB/512GB/Win11 (EK1386W),14,Intel Core i3,4GB,SSD: 512GB,12490000,12490000,https://www.thegioididong.com/laptop/asus-vivobook-x415ea-i3-ek1386w?src=osp,TheGioiDiDong
Asus,Laptop Asus ExpertBook P2451F i3 10110U/4GB/256GB/Win10 (BV3136T),14,Intel Core i3,4GB,SSD: 256GB,12490000,11990000,https://www.thegioididong.com/laptop/asus-expertbook-p2451f-i3-bv3136t?src=osp,TheGioiDiDong
Asus,Laptop Asus VivoBook X415EA i3 1115G4/4GB/512GB/Win11 (EB638W),14,Intel Core i3,4GB,SSD: 512GB,12490000,12490000,https://www.thegioididong.com/laptop/asus-vivobook-x415ea-i3-eb638w?src=osp,TheGioiDiDong
Dell,Laptop Dell Inspiron 15 3515 R3 3250U/8GB/256GB/Office H&S/Win11 (G6GR71),15.6,AMD Ryzen 3,8GB,SSD: 256GB,11990000,11990000,https://www.thegioididong.com/laptop/dell-inspiron-15-3515-r3-g6gr71?src=osp,TheGioiDiDong
Asus,Laptop Asus VivoBook X415EA i3 1115G4/4GB/512GB/Win11 (EK1386W),14,Intel Core i3,4GB,SSD: 512GB,12490000,12490000,https://www.thegioididong.com/laptop/asus-vivobook-x415ea-i3-ek1386w?src=osp,TheGioiDiDong
HP,Laptop HP 240 G8 i3 1005G1/4GB/256GB/Win10 (519A4PA),14,Intel Core i3,4GB,SSD: 256GB,11890000,11890000,https://www.thegioididong.com/laptop/hp-240-g8-i3-519a4pa?src=osp,TheGioiDiDong
Lenovo,Laptop Lenovo Ideapad 3 15ITL6 i3 1115G4/8GB/256GB/Win11 (82H8005CVN),15.6,Intel Core i3,8GB,SSD: 256GB,14290000,11290000,https://www.thegioididong.com/laptop/lenovo-ideapad-3-15itl6-i3-82h8005cvn?src=osp,TheGioiDiDong
Acer,Laptop Acer Aspire A315 58 35AG i3 1115G4/4GB/256GB/Win11 (NX.ADDSV.00B),15.6,Intel Core i3,4GB,SSD: 256GB,12490000,11240000,https://www.thegioididong.com/laptop/acer-aspire-a315-58-35ag-i3-nxaddsv00b?src=osp,TheGioiDiDong
Itel,Laptop itel SPIRIT 1 i3 8109U/4GB/256GB/Win11 (71006300035),15.6,Intel Core i3,4GB,SSD: 256GB,12990000,12990000,https://www.thegioididong.com/laptop/itel-spirit-1-i3-71006300035?src=osp,TheGioiDiDong
Acer,Laptop Acer Aspire A315 56 32TP i3 1005G1/4GB/256GB/Win11 (NX.HS5SV.00K) ,15.6,Intel Core i3,4GB,SSD: 256GB,11990000,10790000,https://www.thegioididong.com/laptop/acer-aspire-a315-56-32tp-i3-nxhs5sv00k?src=osp,TheGioiDiDong
Acer,Laptop Acer Aspire A315 56 308N i3 1005G1/4GB/256GB/Win10 (NX.HS5SV.00C),15.6,Intel Core i3,4GB,SSD: 256GB,11990000,10790000,https://www.thegioididong.com/laptop/acer-aspire-a315-56-308n-i3-nxhs5sv00c?src=osp,TheGioiDiDong
Lenovo,Laptop Lenovo IdeaPad 3 15IML05 i3 10110U/4GB/256GB/Win11 (81WB01DYVN),15.6,Intel Core i3,4GB,SSD: 256GB,12490000,10490000,https://www.thegioididong.com/laptop/lenovo-ideapad-3-15iml05-i3-81wb01dyvn?src=osp,TheGioiDiDong
HP,Laptop HP 240 G8 N5030/4GB/256GB/Win10 (604K1PA),14,Intel Pentium,4GB,SSD: 256GB,10990000,10490000,https://www.thegioididong.com/laptop/hp-240-g8-n5030-4gb-256gb-win10-604k1pa?src=osp,TheGioiDiDong
Chuwi,Laptop CHUWI GemiBook J4125/8GB/256GB/Win10,13,Intel Celeron,8GB,SSD: 256GB,9990000,9990000,https://www.thegioididong.com/laptop/chuwi-gemibook-j4125?src=osp,TheGioiDiDong
Lenovo,Laptop Lenovo Ideapad 3 14IML05 i3 10110U/4GB/256GB/Win11 (81WA00Q0VN),14,Intel Core i3,4GB,SSD: 256GB,12490000,9490000,https://www.thegioididong.com/laptop/lenovo-ideapad-3-14iml05-i3-81wa00q0vn?src=osp,TheGioiDiDong
Acer,Laptop Acer Aspire 3 A314 35 P3G9 N6000/4GB/256GB/Win11 (NX.A7SSV.007),14,Intel Pentium,4GB,SSD: 256GB,9490000,9490000,https://www.thegioididong.com/laptop/acer-aspire-3-a314-35-p3g9-n6000-nxa7ssv007?src=osp,TheGioiDiDong
Acer,Laptop Acer Aspire 3 A314 35 P6NC N6000/4GB/512GB/Win11 (NX.A7SSV.006),14,Intel Pentium,4GB,SSD: 512GB,10290000,9260000,https://www.thegioididong.com/laptop/acer-aspire-3-a314-35-p6nc-nxa7ssv006?src=osp,TheGioiDiDong
Asus,Laptop Asus VivoBook X515MA N4020/4GB/256GB/Win11 (BR480W),15.6,Intel Celeron,4GB,SSD: 256GB,8690000,8690000,https://www.thegioididong.com/laptop/asus-vivobook-x515ma-n4020-br480w?src=osp,TheGioiDiDong
Chuwi,Laptop CHUWI HeroBook Pro N4020/8GB/256GB/Win10,14.1,Intel Celeron,8GB,SSD: 256GB,8590000,8590000,https://www.thegioididong.com/laptop/chuwi-herobook-pro-n4020?src=osp,TheGioiDiDong
Asus,Laptop Asus BR1100FKA N6000/4GB/128GB/Touch/Win10 (BP0660T),11.6,Intel Pentium,4GB,eMMC: 128GB,10490000,8490000,https://www.thegioididong.com/laptop/asus-br1100fka-n6000-bp0660t?src=osp,TheGioiDiDong
Asus,Laptop Asus Vivobook X415MA N4020/4GB/256GB/Win11 (BV702W),14,Intel Celeron,4GB,SSD: 256GB,8490000,8490000,https://www.thegioididong.com/laptop/asus-vivobook-x415ma-n4020-bv702w?src=osp,TheGioiDiDong
Lenovo,Laptop Lenovo Ideapad 1 11IGL05 N5030/4GB/256GB/Win11 (81VT006FVN),11.6,Intel Pentium,4GB,SSD: 256GB,8990000,7990000,https://www.thegioididong.com/laptop/lenovo-ideapad-1-11igl05-n5030-81vt006fvn?src=osp,TheGioiDiDong
